# Blender 5.1.2
# www.blender.org
mtllib backrooms.mtl
o Wall_Clean
v -8.000000 3.000000 7.500000
v -8.000000 0.000000 7.500000
v -8.000000 3.000000 4.500000
v -8.000000 0.000000 4.500000
vn 1.0000 -0.0000 -0.0000
vt 0.000000 1.000000
vt 0.000000 0.666543
vt 0.250000 0.666543
vt 0.250000 1.000000
s 0
usemtl Backrooms
f 1/1/1 2/2/1 4/3/1 3/4/1
o Wall_Dirty
v -8.000000 3.000000 3.500000
v -8.000000 0.000000 3.500000
v -8.000000 3.000000 0.500000
v -8.000000 0.000000 0.500000
vn 1.0000 -0.0000 -0.0000
vt 0.250000 1.000000
vt 0.250000 0.666543
vt 0.500000 0.666543
vt 0.500000 1.000000
s 0
usemtl Backrooms
f 5/5/2 6/6/2 8/7/2 7/8/2
o Wall_Scratched
v -8.000000 3.000000 -0.500000
v -8.000000 0.000000 -0.500000
v -8.000000 3.000000 -3.500000
v -8.000000 0.000000 -3.500000
vn 1.0000 -0.0000 -0.0000
vt 0.500000 1.000000
vt 0.500000 0.666543
vt 0.750000 0.666543
vt 0.750000 1.000000
s 0
usemtl Backrooms
f 9/9/3 10/10/3 12/11/3 11/12/3
o Wall_Wet
v -8.000000 3.000000 -4.500000
v -8.000000 0.000000 -4.500000
v -8.000000 3.000000 -7.500000
v -8.000000 0.000000 -7.500000
vn 1.0000 -0.0000 -0.0000
vt 0.750000 1.000000
vt 0.750000 0.666543
vt 1.000000 0.666543
vt 1.000000 1.000000
s 0
usemtl Backrooms
f 13/13/4 14/14/4 16/15/4 15/16/4
o Corner_Clean
v -2.000000 3.000000 7.500000
v -2.000000 0.000000 7.500000
v -0.500000 3.000000 6.000000
v -0.500000 0.000000 6.000000
v -2.000000 3.000000 6.000000
v -2.000000 0.000000 6.000000
vn -0.0000 -0.0000 1.0000
vn 1.0000 -0.0000 -0.0000
vt 0.124950 1.000000
vt 0.124950 0.666543
vt 0.249950 0.666543
vt 0.249950 1.000000
vt 0.000050 1.000000
vt 0.000050 0.666543
s 0
usemtl Backrooms
f 21/17/5 22/18/5 20/19/5 19/20/5
f 17/21/6 18/22/6 22/18/6 21/17/6
o Corner_Dirty
v -2.000000 3.000000 3.500000
v -2.000000 0.000000 3.500000
v -0.500000 3.000000 2.000000
v -0.500000 0.000000 2.000000
v -2.000000 3.000000 2.000000
v -2.000000 0.000000 2.000000
vn -0.0000 -0.0000 1.0000
vn 1.0000 -0.0000 -0.0000
vt 0.375000 1.000000
vt 0.375000 0.666543
vt 0.500000 0.666543
vt 0.500000 1.000000
vt 0.250000 1.000000
vt 0.250000 0.666543
s 0
usemtl Backrooms
f 27/23/7 28/24/7 26/25/7 25/26/7
f 23/27/8 24/28/8 28/24/8 27/23/8
o Corner_Scratched
v -2.000000 3.000000 -0.500000
v -2.000000 0.000000 -0.500000
v -0.500000 3.000000 -2.000000
v -0.500000 0.000000 -2.000000
v -2.000000 3.000000 -2.000000
v -2.000000 0.000000 -2.000000
vn -0.0000 -0.0000 1.0000
vn 1.0000 -0.0000 -0.0000
vt 0.625000 1.000000
vt 0.625000 0.666543
vt 0.750000 0.666543
vt 0.750000 1.000000
vt 0.500000 1.000000
vt 0.500000 0.666543
s 0
usemtl Backrooms
f 33/29/9 34/30/9 32/31/9 31/32/9
f 29/33/10 30/34/10 34/30/10 33/29/10
o Corner_Wet
v -2.000000 3.000000 -4.500000
v -2.000000 0.000000 -4.500000
v -0.500000 3.000000 -6.000000
v -0.500000 0.000000 -6.000000
v -2.000000 3.000000 -6.000000
v -2.000000 0.000000 -6.000000
vn -0.0000 -0.0000 1.0000
vn 1.0000 -0.0000 -0.0000
vt 0.875000 1.000000
vt 0.875000 0.666543
vt 1.000000 0.666543
vt 1.000000 1.000000
vt 0.750000 1.000000
vt 0.750000 0.666543
s 0
usemtl Backrooms
f 39/35/11 40/36/11 38/37/11 37/38/11
f 35/39/12 36/40/12 40/36/12 39/35/12
o Floor_Clean
v 3.500000 0.000000 5.500000
v 3.500000 0.000000 2.500000
v 0.500000 0.000000 5.500000
v 0.500000 0.000000 2.500000
vn -0.0000 1.0000 -0.0000
vt 0.250000 0.333497
vt -0.000000 0.333497
vt 0.000000 0.000000
vt 0.250000 0.000000
s 0
usemtl Backrooms
f 41/41/13 42/42/13 44/43/13 43/44/13
o Floor_Torn_2
v 3.500000 0.000000 -2.500000
v 3.500000 0.000000 -5.500000
v 0.500000 0.000000 -2.500000
v 0.500000 0.000000 -5.500000
vn -0.0000 1.0000 -0.0000
vt 0.500000 0.000000
vt 0.750000 0.000000
vt 0.750000 0.333497
vt 0.500000 0.333497
s 0
usemtl Backrooms
f 45/45/14 46/46/14 48/47/14 47/48/14
o Floor_Torn_1
v 3.500000 0.000000 1.500000
v 3.500000 0.000000 -1.500000
v 0.500000 0.000000 1.500000
v 0.500000 0.000000 -1.500000
vn -0.0000 1.0000 -0.0000
vt 0.250000 0.000000
vt 0.500000 0.000000
vt 0.500000 0.333497
vt 0.250000 0.333497
s 0
usemtl Backrooms
f 49/49/15 50/50/15 52/51/15 51/52/15
o Tile_Clean
v 4.500000 0.000000 7.500000
v 7.500000 0.000000 7.500000
v 4.500000 0.000000 4.500000
v 7.500000 0.000000 4.500000
vn -0.0000 1.0000 -0.0000
vt 0.000000 0.666504
vt 0.000000 0.333497
vt 0.250000 0.333497
vt 0.250000 0.666505
s 0
usemtl Backrooms
f 53/53/16 54/54/16 56/55/16 55/56/16
o Tile_Dirty
v 4.500000 0.000000 3.500000
v 7.500000 0.000000 3.500000
v 4.500000 0.000000 0.500000
v 7.500000 0.000000 0.500000
vn -0.0000 1.0000 -0.0000
vt 0.250000 0.333497
vt 0.500000 0.333497
vt 0.500000 0.666504
vt 0.250000 0.666504
s 0
usemtl Backrooms
f 57/57/17 58/58/17 60/59/17 59/60/17
o Tile_Broken_1
v 4.500000 0.000000 -0.500000
v 7.500000 0.000000 -0.500000
v 4.500000 0.000000 -3.500000
v 7.500000 0.000000 -3.500000
vn -0.0000 1.0000 -0.0000
vt 0.500000 0.333497
vt 0.750000 0.333497
vt 0.750000 0.666504
vt 0.500000 0.666504
s 0
usemtl Backrooms
f 61/61/18 62/62/18 64/63/18 63/64/18
o Tile_Broken_2
v 4.500000 0.000000 -4.500000
v 7.500000 0.000000 -4.500000
v 4.500000 0.000000 -7.500000
v 7.500000 0.000000 -7.500000
vn -0.0000 1.0000 -0.0000
vt 0.750000 0.333497
vt 1.000000 0.333497
vt 1.000000 0.666504
vt 0.750000 0.666504
s 0
usemtl Backrooms
f 65/65/19 66/66/19 68/67/19 67/68/19
o DoorFrame_Clean
v -3.900000 3.000000 6.000000
v -3.900000 0.000000 6.000000
v -4.100000 3.000000 6.000000
v -4.100000 0.000000 6.000000
v -4.100000 3.000000 4.500000
v -3.900000 3.000000 4.500000
v -3.900000 -0.000000 4.500000
v -4.100000 -0.000000 4.500000
vn -1.0000 -0.0000 -0.0000
vn 1.0000 -0.0000 -0.0000
vn -0.0000 -0.0000 -1.0000
vt 0.131627 1.000000
vt 0.131627 0.666543
vt 0.250000 0.666543
vt 0.250000 1.000000
vt 0.000000 1.000000
vt -0.000000 0.666543
vt 0.118293 0.666543
vt 0.118293 1.000000
vt 0.131627 0.666543
s 0
usemtl Backrooms
f 73/69/20 76/70/20 72/71/20 71/72/20
f 69/73/21 70/74/21 75/75/21 74/76/21
f 74/76/22 75/75/22 76/77/22 73/69/22
o DoorFrame_Dirty
v -3.900000 3.000000 2.000000
v -3.900000 0.000000 2.000000
v -4.100000 3.000000 2.000000
v -4.100000 0.000000 2.000000
v -4.100000 3.000000 0.500000
v -3.900000 3.000000 0.500000
v -3.900000 -0.000000 0.500000
v -4.100000 -0.000000 0.500000
vn -1.0000 -0.0000 -0.0000
vn 1.0000 -0.0000 -0.0000
vn -0.0000 -0.0000 -1.0000
vt 0.383333 1.000000
vt 0.383333 0.666543
vt 0.500000 0.666543
vt 0.500000 1.000000
vt 0.250000 1.000000
vt 0.250000 0.666543
vt 0.366667 0.666543
vt 0.366667 1.000000
vt 0.366667 1.000000
vt 0.383333 0.666543
s 0
usemtl Backrooms
f 81/78/23 84/79/23 80/80/23 79/81/23
f 77/82/24 78/83/24 83/84/24 82/85/24
f 82/86/25 83/84/25 84/87/25 81/78/25
o DoorFrame_Scratched
v -3.900000 3.000000 -2.000000
v -3.900000 0.000000 -2.000000
v -4.100000 3.000000 -2.000000
v -4.100000 0.000000 -2.000000
v -4.100000 3.000000 -3.500000
v -3.900000 3.000000 -3.500000
v -3.900000 -0.000000 -3.500000
v -4.100000 -0.000000 -3.500000
vn -1.0000 -0.0000 -0.0000
vn 1.0000 -0.0000 -0.0000
vn -0.0000 -0.0000 -1.0000
vt 0.633333 1.000000
vt 0.633333 0.666543
vt 0.750000 0.666543
vt 0.750000 1.000000
vt 0.500000 1.000000
vt 0.500000 0.666543
vt 0.616667 0.666543
vt 0.616667 1.000000
vt 0.616667 1.000000
vt 0.633333 0.666543
s 0
usemtl Backrooms
f 89/88/26 92/89/26 88/90/26 87/91/26
f 85/92/27 86/93/27 91/94/27 90/95/27
f 90/96/28 91/94/28 92/97/28 89/88/28
o DoorFrame_Wet
v -3.900000 3.000000 -6.000000
v -3.900000 0.000000 -6.000000
v -4.100000 3.000000 -6.000000
v -4.100000 0.000000 -6.000000
v -4.100000 3.000000 -7.500000
v -3.900000 3.000000 -7.500000
v -3.900000 -0.000000 -7.500000
v -4.100000 -0.000000 -7.500000
vn -1.0000 -0.0000 -0.0000
vn 1.0000 -0.0000 -0.0000
vn -0.0000 -0.0000 -1.0000
vt 0.883333 1.000000
vt 0.883333 0.666543
vt 1.000000 0.666543
vt 1.000000 1.000000
vt 0.750000 1.000000
vt 0.750000 0.666543
vt 0.866667 0.666543
vt 0.866667 1.000000
vt 0.883333 0.666543
s 0
usemtl Backrooms
f 97/98/29 100/99/29 96/100/29 95/101/29
f 93/102/30 94/103/30 99/104/30 98/105/30
f 98/105/31 99/104/31 100/106/31 97/98/31
o Doorway_Dirty
v -6.000000 3.000000 3.500000
v -6.000000 0.000000 3.500000
v -6.000000 3.000000 0.500000
v -6.000000 0.000000 0.500000
v -6.000000 2.200000 3.500000
v -6.000000 2.200000 0.500000
v -6.000000 3.000000 2.900000
v -6.000000 3.000000 1.100000
v -6.000000 0.000000 1.100000
v -6.000000 0.000000 2.900000
v -6.000000 2.200000 2.900000
v -6.000000 2.200000 1.100000
vn 1.0000 -0.0000 -0.0000
vt 0.450000 0.911455
vt 0.450000 1.000000
vt 0.300000 1.000000
vt 0.300000 0.911455
vt 0.250000 1.000000
vt 0.250000 0.911455
vt 0.300000 0.911455
vt 0.300000 1.000000
vt 0.450000 1.000000
vt 0.500000 0.911455
vt 0.500000 1.000000
vt 0.450000 0.911455
vt 0.450000 0.666543
vt 0.500000 0.666543
vt 0.250000 0.666543
vt 0.300000 0.666543
s 0
usemtl Backrooms
f 112/107/32 108/108/32 107/109/32 111/110/32
f 101/111/32 105/112/32 111/113/32 107/114/32
f 108/115/32 112/107/32 106/116/32 103/117/32
f 112/118/32 109/119/32 104/120/32 106/116/32
f 105/112/32 102/121/32 110/122/32 111/110/32
o Doorway_Scratched
v -6.000000 3.000000 -0.500000
v -6.000000 0.000000 -0.500000
v -6.000000 3.000000 -3.500000
v -6.000000 0.000000 -3.500000
v -6.000000 2.200000 -0.500000
v -6.000000 2.200000 -3.500000
v -6.000000 3.000000 -1.100000
v -6.000000 3.000000 -2.900000
v -6.000000 0.000000 -2.900000
v -6.000000 0.000000 -1.100000
v -6.000000 2.200000 -1.100000
v -6.000000 2.200000 -2.900000
vn 1.0000 -0.0000 -0.0000
vt 0.700000 0.911455
vt 0.700000 1.000000
vt 0.550000 1.000000
vt 0.550000 0.911455
vt 0.500000 1.000000
vt 0.500000 0.911455
vt 0.700000 1.000000
vt 0.750000 0.911455
vt 0.750000 1.000000
vt 0.700000 0.666543
vt 0.750000 0.666543
vt 0.500000 0.666543
vt 0.550000 0.666543
s 0
usemtl Backrooms
f 124/123/33 120/124/33 119/125/33 123/126/33
f 113/127/33 117/128/33 123/126/33 119/125/33
f 120/129/33 124/123/33 118/130/33 115/131/33
f 124/123/33 121/132/33 116/133/33 118/130/33
f 117/128/33 114/134/33 122/135/33 123/126/33
o Doorway_Wet
v -6.000000 3.000000 -4.500000
v -6.000000 0.000000 -4.500000
v -6.000000 3.000000 -7.500000
v -6.000000 0.000000 -7.500000
v -6.000000 2.200000 -4.500000
v -6.000000 2.200000 -7.500000
v -6.000000 3.000000 -5.100000
v -6.000000 3.000000 -6.900000
v -6.000000 0.000000 -6.900000
v -6.000000 0.000000 -5.100000
v -6.000000 2.200000 -5.100000
v -6.000000 2.200000 -6.900000
vn 1.0000 -0.0000 -0.0000
vt 0.950000 0.911455
vt 0.950000 1.000000
vt 0.800000 1.000000
vt 0.800000 0.911455
vt 0.750000 1.000000
vt 0.750000 0.911455
vt 0.950000 1.000000
vt 1.000000 0.911455
vt 1.000000 1.000000
vt 0.950000 0.666543
vt 1.000000 0.666543
vt 0.750000 0.666543
vt 0.800000 0.666543
s 0
usemtl Backrooms
f 136/136/34 132/137/34 131/138/34 135/139/34
f 125/140/34 129/141/34 135/139/34 131/138/34
f 132/142/34 136/136/34 130/143/34 127/144/34
f 136/136/34 133/145/34 128/146/34 130/143/34
f 129/141/34 126/147/34 134/148/34 135/139/34
o Doorway
v 9.091166 0.000000 -7.000000
v 9.091166 2.299996 -7.000000
v 9.099689 2.295018 -6.995095
v 9.097265 0.000000 -6.992492
v 9.000000 2.195276 -6.890145
v 9.000000 0.000000 -6.887819
v 8.908834 0.000000 -7.000000
v 8.908834 2.299996 -7.000000
v 8.900296 2.295018 -6.995095
v 8.902719 0.000000 -6.992492
v 9.009964 2.215280 -6.909225
v 8.990036 2.215280 -6.909225
v 8.990026 -0.000004 -6.909235
v 9.009974 -0.000004 -6.909235
v 9.091166 0.000000 -5.000000
v 9.091166 2.299996 -5.000000
v 9.099689 2.295018 -5.004905
v 9.097265 0.000000 -5.007508
v 9.000000 2.195276 -5.109855
v 9.000000 0.000000 -5.112181
v 8.908834 0.000000 -5.000000
v 8.908834 2.299996 -5.000000
v 8.900311 2.295018 -5.004905
v 8.902735 0.000000 -5.007508
v 9.009964 2.215280 -5.090775
v 8.990036 2.215280 -5.090775
v 8.990026 -0.000004 -5.090765
v 9.009974 -0.000004 -5.090765
v 9.099084 0.000000 -6.940156
v 9.100296 2.245147 -6.942620
v 9.099084 0.000000 -5.059844
v 9.100296 2.245147 -5.057380
v 8.902113 0.000000 -6.940156
v 8.900901 2.245147 -6.942620
v 8.902113 0.000000 -5.059844
v 8.900901 2.245147 -5.057380
v 8.920321 2.220324 -6.916501
v 8.920321 2.220324 -5.083499
v 8.920930 0.000000 -6.914105
v 8.920930 0.000000 -5.085895
v 9.080054 2.220212 -6.916383
v 9.080054 2.220212 -5.083617
v 9.079449 0.000000 -6.913987
v 9.079449 0.000000 -5.086013
vn 0.9997 -0.0008 -0.0235
vn 0.2974 -0.9548 -0.0000
vn 0.6470 -0.0008 -0.7625
vn -1.0000 -0.0008 -0.0004
vn 0.5044 0.8635 -0.0000
vn -0.9999 -0.0120 -0.0000
vn -0.6462 -0.0008 -0.7631
vn -0.5041 0.8637 -0.0000
vn -0.0000 -0.0000 -1.0000
vn -0.0000 1.0000 -0.0000
vn 0.7219 0.6920 -0.0000
vn 0.7453 -0.0000 -0.6667
vn -0.7453 -0.0000 -0.6667
vn 0.9997 -0.0008 0.0235
vn 0.6470 -0.0008 0.7625
vn -1.0000 -0.0008 0.0007
vn -0.6470 -0.0008 0.7625
vn -0.0000 -0.0000 1.0000
vn 0.7453 -0.0000 0.6667
vn -0.7453 -0.0000 0.6667
vn -0.7219 0.6920 -0.0000
vn 0.7957 0.0003 -0.6056
vn 0.9999 0.0122 -0.0000
vn 0.7957 0.0003 0.6056
vn -0.8065 0.0003 -0.5912
vn -0.7876 -0.6162 -0.0000
vn -0.8065 0.0003 0.5912
vn -0.3146 0.0010 0.9492
vn -0.2999 -0.9540 -0.0000
vn -0.3146 0.0010 -0.9492
vn 0.3120 0.0010 0.9501
vn 0.3120 0.0010 -0.9501
vn 0.7764 -0.6302 -0.0000
vt 0.957078 0.275171
vt 0.956915 0.055293
vt 0.965544 0.055296
vt 0.965719 0.280059
vt 0.945455 0.047212
vt 0.944132 0.296627
vt 0.938496 0.293135
vt 0.938876 0.051886
vt 0.967340 0.280546
vt 0.967138 0.055296
vt 0.918555 0.275171
vt 0.909914 0.280059
vt 0.910095 0.055296
vt 0.918719 0.055293
vt 0.929355 0.030132
vt 0.929355 0.305701
vt 0.937828 0.304496
vt 0.939251 0.032937
vt 0.937991 0.045151
vt 0.935796 0.298425
vt 0.938069 0.302749
vt 0.939483 0.037683
vt 0.908291 0.280546
vt 0.908499 0.055296
vt 0.946406 0.303466
vt 0.949559 0.036354
vt 0.987400 0.272243
vt 0.987203 0.055289
vt 0.990490 0.055288
vt 0.990684 0.272241
vt 0.935833 0.047161
vt 0.934575 0.293154
vt 0.938202 0.294270
vt 0.943501 0.045268
vt 0.888231 0.272242
vt 0.888434 0.055289
vt 0.938832 0.314856
vt 0.939855 0.322065
vt 0.941074 0.008599
vt 0.939973 0.008181
vt 0.950395 0.323349
vt 0.947113 0.008946
vt 0.939563 0.317526
vt 0.935971 0.007144
vt 0.934718 0.007590
vt 0.938877 0.326117
vt 0.928519 0.328689
vt 0.928519 0.007997
vt 0.935413 0.312952
vt 0.943954 0.314625
vt 0.940788 0.007631
vt 0.934942 0.008757
vt 0.933189 0.311346
vt 0.935579 0.008196
vt 0.940938 0.299638
vt 0.940331 0.042040
vt 0.951621 0.272727
vt 0.951525 0.055290
vt 0.945177 0.312686
vt 0.941487 0.007779
vt 0.932535 0.048742
vt 0.932737 0.295896
vt 0.923915 0.272738
vt 0.924013 0.055290
vt 0.937742 0.270282
vt 0.937743 0.055288
vt 0.939169 0.308289
vt 0.938458 0.008933
s 0
usemtl Backrooms
f 166/149/35 165/150/35 140/151/35 139/152/35
f 177/153/36 178/154/36 155/155/36 141/156/36
f 138/157/37 139/152/37 140/151/37 137/158/37
f 170/159/38 145/160/38 146/161/38 169/162/38
f 138/163/39 152/164/39 153/165/39 139/166/39
f 170/167/40 172/168/40 159/169/40 145/170/40
f 144/171/41 143/172/41 146/161/41 145/160/41
f 145/170/42 159/169/42 158/173/42 144/174/42
f 147/175/43 150/176/43 149/177/43 148/178/43
f 148/179/44 162/180/44 161/181/44 147/182/44
f 144/174/45 158/173/45 162/180/45 148/179/45
f 148/183/46 149/184/46 143/172/46 144/171/46
f 147/175/47 138/157/47 137/158/47 150/176/47
f 168/185/48 153/186/48 154/187/48 167/188/48
f 152/189/49 151/190/49 154/187/49 153/186/49
f 172/191/50 171/192/50 160/193/50 159/194/50
f 158/195/51 159/194/51 160/193/51 157/196/51
f 161/197/52 162/198/52 163/199/52 164/200/52
f 162/198/53 158/195/53 157/196/53 163/199/53
f 161/197/54 164/200/54 151/190/54 152/189/54
f 147/182/55 161/181/55 152/164/55 138/163/55
f 178/201/56 168/185/56 167/188/56 180/202/56
f 139/166/57 153/165/57 168/203/57 166/204/57
f 177/205/58 179/206/58 165/150/58 166/149/58
f 174/207/59 176/208/59 171/192/59 172/191/59
f 173/209/60 174/210/60 172/168/60 170/167/60
f 173/211/61 170/159/61 169/162/61 175/212/61
f 141/213/62 173/211/62 175/212/62 142/214/62
f 141/156/63 155/155/63 174/210/63 173/209/63
f 155/215/64 156/216/64 176/208/64 174/207/64
f 141/213/65 142/214/65 179/206/65 177/205/65
f 155/215/66 178/201/66 180/202/66 156/216/66
f 166/204/67 168/203/67 178/154/67 177/153/67
o Single_Socket_1
v 9.000334 -0.000000 6.970037
v 9.000334 -0.000000 7.016704
v 9.000000 -0.080000 7.080000
v 9.000000 0.080000 7.080000
v 9.000334 -0.004688 7.018645
v 9.000334 -0.004688 6.971979
v 9.000334 -0.006630 7.023333
v 9.000000 -0.080000 6.920000
v 9.000000 0.080000 6.920000
v 9.000334 -0.004688 7.028021
v 9.000334 -0.006630 6.976667
v 9.017667 -0.060851 6.939148
v 9.017667 -0.059429 6.940571
v 9.000334 -0.000000 7.029963
v 9.000334 -0.004688 6.981355
v 9.000334 0.004688 7.028021
v 9.017667 0.059429 6.940571
v 9.017667 0.060851 6.939148
v 9.000334 0.006630 7.023333
v 9.013333 0.080000 6.920000
v 9.000334 -0.000000 6.983297
v 9.000334 0.004688 7.018645
v 9.013333 -0.080000 6.920000
v 9.000334 0.004688 6.981355
v 9.013333 -0.080000 7.080000
v 9.013333 0.080000 7.080000
v 9.018333 0.070000 6.930000
v 9.000334 0.006630 6.976667
v 9.018333 -0.070000 6.930000
v 9.000334 0.004688 6.971979
v 9.018333 -0.070000 7.070000
v 9.018333 0.070000 7.070000
v 9.018333 -0.059429 7.059429
v 9.018333 -0.060851 7.060852
v 9.018333 0.060851 7.060852
v 9.018333 0.059429 7.059429
v 9.018333 -0.059429 6.940571
v 9.018333 -0.060851 6.939148
v 9.018333 0.060851 6.939148
v 9.018333 0.059429 6.940571
v 9.017667 -0.059429 7.059429
v 9.017667 -0.060851 7.060852
v 9.017667 0.060851 7.060852
v 9.017667 0.059429 7.059429
v 9.018333 0.038800 7.022401
v 9.018333 0.044802 7.000000
v 9.018333 0.000000 6.955198
v 9.018333 -0.022401 6.961200
v 9.018333 0.022401 6.961200
v 9.018333 0.038800 6.977599
v 9.018333 0.000000 7.044802
v 9.018333 0.022401 7.038800
v 9.018333 -0.022401 7.038800
v 9.018333 -0.038800 7.022401
v 9.018333 -0.038800 6.977599
v 9.018333 -0.044802 7.000000
v 9.005000 0.038800 7.022401
v 9.005000 0.044802 7.000000
v 9.005000 0.000000 6.955198
v 9.005000 -0.022401 6.961200
v 9.005000 0.022401 6.961200
v 9.005000 0.038800 6.977599
v 9.005000 0.000000 7.044802
v 9.005000 0.022401 7.038800
v 9.005000 -0.022401 7.038800
v 9.005000 -0.038800 7.022401
v 9.005000 -0.038800 6.977599
v 9.005000 -0.044802 7.000000
v 9.005000 0.000000 6.994900
v 9.005000 -0.003606 6.996394
v 9.005000 -0.005100 7.000000
v 9.005000 -0.003606 7.003606
v 9.005000 0.000000 7.005100
v 9.005000 0.003606 7.003606
v 9.005000 0.005100 7.000000
v 9.005000 0.003606 6.996394
v 9.011766 0.000000 6.996704
v 9.010099 0.000000 6.994900
v 9.011766 -0.002331 6.997670
v 9.010099 -0.003606 6.996394
v 9.011766 -0.003296 7.000000
v 9.010099 -0.005100 7.000000
v 9.011766 -0.002331 7.002331
v 9.010099 -0.003606 7.003606
v 9.011766 0.000000 7.003296
v 9.010099 0.000000 7.005100
v 9.011766 0.002331 7.002331
v 9.010099 0.003606 7.003606
v 9.011766 0.003296 7.000000
v 9.010099 0.005100 7.000000
v 9.011766 0.002331 6.997670
v 9.010099 0.003606 6.996394
v 9.005000 0.000000 6.983297
v 9.005000 0.000000 6.983296
v 9.005000 -0.004688 6.981355
v 9.005000 -0.004688 6.971979
v 9.005000 0.000000 6.970037
v 9.005000 0.000000 6.970037
v 9.005000 -0.006630 6.976667
v 9.005000 0.004688 6.981355
v 9.005000 0.004688 6.971979
v 9.005000 0.006630 6.976667
v 9.005000 0.004688 7.028021
v 9.005000 0.000000 7.029963
v 9.005000 0.000000 7.016704
v 9.005000 0.004688 7.018645
v 9.005000 0.006630 7.023333
v 9.005000 0.000000 7.029963
v 9.005000 0.000000 7.016704
v 9.005000 -0.004688 7.028021
v 9.005000 -0.006630 7.023333
v 9.005000 -0.004688 7.018645
vn 1.0000 -0.0000 -0.0000
vn -0.0000 1.0000 -0.0000
vn -0.0000 -0.0000 -1.0000
vn -0.0000 -1.0000 -0.0000
vn 0.8944 0.4472 -0.0000
vn -0.0000 -0.0000 1.0000
vn 0.8944 -0.0000 -0.4472
vn 0.8944 -0.4472 -0.0000
vn 0.8944 -0.0000 0.4472
vn -0.0000 -0.8660 -0.5000
vn -0.0000 -0.5000 0.8660
vn -0.0000 -0.8660 0.5000
vn -0.0000 0.5000 -0.8660
vn -0.0000 0.8660 0.5000
vn -0.0000 -0.5000 -0.8660
vn -0.0000 0.8660 -0.5000
vn -0.0000 0.5000 0.8660
vn 0.3688 -0.6572 -0.6572
vn 0.8991 -0.3095 -0.3095
vn 0.8991 -0.4377 -0.0000
vn 0.3688 -0.9295 -0.0000
vn 0.8991 -0.3095 0.3095
vn 0.3688 -0.6572 0.6572
vn 0.8991 -0.0000 0.4377
vn 0.3688 -0.0000 0.9295
vn 0.8991 0.3095 0.3095
vn 0.3688 0.6572 0.6572
vn 0.8991 0.4377 -0.0000
vn 0.3688 0.9295 -0.0000
vn 0.8991 0.3095 -0.3095
vn 0.3688 0.6572 -0.6572
vn 0.8991 -0.0000 -0.4377
vn 0.3688 -0.0000 -0.9295
vn -0.0000 -0.7071 -0.7071
vn -0.0000 0.7071 -0.7071
vn -0.0000 -0.7071 0.7071
vn -0.0000 0.7071 0.7071
vn -0.0000 0.3827 0.9239
vn -0.0000 0.9239 0.3827
vn -0.0000 0.9239 -0.3827
vn -0.0000 0.3827 -0.9239
vn -0.0000 -0.3827 -0.9239
vn -0.0000 -0.9239 -0.3827
vn -0.0000 -0.9239 0.3827
vn -0.0000 -0.3827 0.9239
vt 0.857799 0.310159
vt 0.857799 0.189733
vt 0.864665 0.180681
vt 0.864665 0.319211
vt 0.766466 0.310159
vt 0.759600 0.319211
vt 0.766466 0.189733
vt 0.856732 0.191141
vt 0.767533 0.191141
vt 0.841250 0.227780
vt 0.856732 0.191141
vt 0.845755 0.249946
vt 0.817136 0.329106
vt 0.807130 0.329106
vt 0.807130 0.170786
vt 0.817136 0.170786
vt 0.807130 0.170786
vt 0.817136 0.170786
vt 0.817136 0.329106
vt 0.817136 0.170786
vt 0.759600 0.180681
vt 0.752096 0.329106
vt 0.752096 0.170786
vt 0.817136 0.170786
vt 0.872170 0.329106
vt 0.872170 0.170786
vt 0.767533 0.308751
vt 0.811882 0.308751
vt 0.811882 0.191141
vt 0.812383 0.191141
vt 0.812383 0.308751
vt 0.856732 0.308751
vt 0.811882 0.308751
vt 0.811882 0.191141
vt 0.812383 0.189733
vt 0.812383 0.310159
vt 0.811882 0.310159
vt 0.811882 0.189733
vt 0.783015 0.227780
vt 0.795322 0.211553
vt 0.811882 0.310159
vt 0.811882 0.189733
vt 0.778510 0.249946
vt 0.812133 0.294278
vt 0.795322 0.288338
vt 0.841250 0.272112
vt 0.828944 0.288339
vt 0.828944 0.211553
vt 0.812133 0.205614
vt 0.783015 0.272112
vt 0.807130 0.249946
vt 0.807130 0.227780
vt 0.817136 0.227780
vt 0.817136 0.249946
vt 0.807130 0.211553
vt 0.817136 0.211553
vt 0.817136 0.227780
vt 0.817136 0.258059
vt 0.817136 0.280225
vt 0.807130 0.280225
vt 0.807130 0.258059
vt 0.817136 0.258059
vt 0.817136 0.280225
vt 0.807130 0.272112
vt 0.817136 0.272112
vt 0.817136 0.249946
vt 0.817136 0.219667
vt 0.817136 0.235893
vt 0.807130 0.235893
vt 0.807130 0.219667
vt 0.817136 0.235893
vt 0.817136 0.272112
vt 0.817136 0.219667
vt 0.807130 0.288338
vt 0.817136 0.288338
vt 0.808597 0.248015
vt 0.809847 0.248698
vt 0.809847 0.251194
vt 0.808597 0.251877
vt 0.811186 0.252959
vt 0.810668 0.254608
vt 0.813079 0.252959
vt 0.813597 0.254608
vt 0.814418 0.251194
vt 0.815669 0.251877
vt 0.814418 0.248698
vt 0.815669 0.248015
vt 0.813079 0.246933
vt 0.813597 0.245284
vt 0.811186 0.246933
vt 0.810668 0.245284
vt 0.810219 0.249946
vt 0.814046 0.249946
vt 0.814046 0.253514
vt 0.810219 0.253514
vt 0.810219 0.246378
vt 0.814046 0.246378
vt 0.810219 0.249946
vt 0.814046 0.249946
vt 0.820974 0.275528
vt 0.820835 0.292767
vt 0.817952 0.278584
vt 0.844609 0.261420
vt 0.835907 0.281293
vt 0.815447 0.252469
vt 0.815829 0.248640
vt 0.810219 0.254316
vt 0.813123 0.254820
vt 0.815377 0.265911
vt 0.815377 0.265911
vt 0.812356 0.268968
vt 0.844609 0.238472
vt 0.814046 0.245576
vt 0.808436 0.251252
vt 0.803431 0.292767
vt 0.788358 0.281293
vt 0.835907 0.218599
vt 0.811142 0.245071
vt 0.808818 0.247423
vt 0.779656 0.261420
vt 0.779656 0.238472
vt 0.788358 0.218599
vt 0.820835 0.207125
vt 0.803431 0.207125
vt 0.806313 0.221307
vt 0.803292 0.224364
vt 0.810088 0.221963
vt 0.810381 0.249946
vt 0.813884 0.249946
vt 0.813884 0.254585
vt 0.810381 0.254585
vt 0.810381 0.245307
vt 0.813884 0.245307
vt 0.813884 0.249946
vt 0.810381 0.249946
vt 0.814037 0.256007
vt 0.810229 0.256007
vt 0.807536 0.252456
vt 0.807536 0.247435
vt 0.810229 0.243885
vt 0.814037 0.243885
vt 0.816729 0.247435
vt 0.816729 0.252456
vt 0.814037 0.256007
vt 0.810229 0.256007
vt 0.811859 0.273946
vt 0.814177 0.277929
vt 0.819152 0.266566
vt 0.821471 0.270550
vt 0.808888 0.233981
vt 0.805113 0.233326
vt 0.808888 0.233981
vt 0.802795 0.229342
vt 0.812406 0.225946
vt 0.811909 0.230924
s 0
usemtl Backrooms
f 218/217/68 214/218/68 211/219/68 209/220/68
f 219/221/68 218/217/68 209/220/68 207/222/68
f 223/223/68 222/218/68 221/224/68 224/225/68
f 234/226/68 213/227/68 236/228/68
f 200/229/69 189/230/69 184/231/69 206/232/69
f 188/230/70 189/233/70 200/234/70 203/235/70
f 188/235/71 203/230/71 205/231/71 183/236/71
f 212/237/72 207/222/72 200/238/72 206/239/72
f 205/230/73 206/233/73 184/240/73 183/229/73
f 207/222/74 209/220/74 203/241/74 200/238/74
f 209/220/75 211/219/75 205/242/75 203/241/75
f 198/221/68 223/223/68 224/225/68 197/243/68
f 217/244/71 213/245/71 221/246/71 193/247/71
f 211/219/76 212/237/76 206/239/76 205/242/76
f 197/243/68 193/248/68 192/217/68 198/221/68
f 220/246/70 217/247/70 193/249/70 197/250/70
f 222/218/68 192/217/68 193/248/68 221/224/68
f 214/251/69 218/252/69 192/253/69 222/254/69
f 225/255/68 216/225/68 232/256/68
f 215/251/70 214/252/70 222/257/70 223/258/70
f 215/223/68 219/221/68 207/222/68 212/237/68
f 218/253/73 219/254/73 198/251/73 192/252/73
f 214/218/68 215/223/68 212/237/68 211/219/68
f 216/246/69 220/247/69 197/249/69 224/250/69
f 219/253/71 215/254/71 223/251/71 198/252/71
f 216/225/68 225/255/68 226/259/68
f 227/260/68 220/243/68 229/261/68
f 235/262/68 217/248/68 228/263/68
f 213/227/68 217/248/68 235/262/68 236/228/68
f 233/264/68 213/227/68 234/226/68
f 231/265/68 232/256/68 216/225/68
f 230/266/68 229/261/68 220/243/68
f 220/243/68 216/225/68 226/259/68 230/266/68
f 213/244/73 216/245/73 224/246/73 221/247/73
f 233/264/68 231/265/68 216/225/68 213/227/68
f 228/263/68 217/248/68 220/243/68 227/260/68
s 1
f 226/267/71 225/268/77 237/269/77 238/270/71
f 229/268/78 230/271/79 242/272/79 241/273/78
f 231/274/70 233/275/80 245/276/80 243/277/70
f 236/278/69 235/279/81 247/276/81 248/277/69
f 230/280/79 226/267/71 238/270/71 242/281/79
f 227/267/73 229/268/78 241/273/78 239/282/73
f 225/283/77 232/284/82 244/285/82 237/286/77
f 234/287/83 236/278/69 248/277/69 246/285/83
f 228/280/84 227/267/73 239/282/73 240/288/84
f 232/284/82 231/274/70 243/277/70 244/285/82
f 233/289/80 234/287/83 246/285/83 245/286/80
f 235/290/81 228/280/84 240/288/84 247/291/81
f 260/292/85 259/293/86 261/294/87 262/295/88
f 262/295/88 261/294/87 263/296/89 264/297/90
f 264/297/90 263/296/89 265/298/91 266/299/92
f 266/299/92 265/298/91 267/300/93 268/301/94
f 268/301/94 267/300/93 269/302/95 270/303/96
f 270/303/96 269/302/95 271/304/97 272/305/98
f 272/305/98 271/304/97 257/306/99 258/307/100
f 267/300/93 265/298/91 263/296/89 261/294/87 259/293/86 257/306/99 271/304/97 269/302/95
f 249/308/70 258/309/100 260/310/85 250/311/101
f 256/312/102 272/313/98 258/309/100 249/308/70
f 250/310/101 260/311/85 262/314/88 251/315/71
f 251/315/71 262/314/88 264/312/90 252/313/103
f 252/310/103 264/311/90 266/308/92 253/309/73
f 253/309/73 266/308/92 268/312/94 254/313/104
f 254/312/104 268/313/94 270/315/96 255/314/69
f 255/314/69 270/315/96 272/310/98 256/311/102
f 258/307/100 257/306/99 259/293/86 260/292/85
s 0
f 283/316/68 243/317/68 284/318/68
f 237/319/68 244/320/68 254/321/68 255/322/68
f 252/323/68 253/324/68 285/325/68 289/326/68 292/327/68
f 238/328/68 237/319/68 255/322/68 256/329/68
f 251/330/68 252/323/68 245/331/68 246/332/68
f 242/333/68 238/328/68 256/329/68 249/334/68
f 250/335/68 251/330/68 246/332/68 248/336/68
f 249/334/68 250/335/68 248/336/68 247/337/68
f 249/334/68 247/337/68 240/338/68
f 242/333/68 249/334/68 241/339/68
f 239/340/68 277/341/68 278/341/68 276/342/68
f 281/343/68 277/341/68 239/340/68
f 278/344/105 181/345/105 186/346/105 276/347/105
f 276/346/106 186/347/106 191/344/106 279/345/106
f 279/345/107 191/344/107 195/348/107 275/349/107
f 195/347/108 201/344/108 273/345/108 275/346/108
f 273/345/109 201/344/109 204/348/109 280/349/109 274/345/109
f 280/348/110 204/349/110 208/350/110 282/351/110
f 282/351/111 208/350/111 210/346/111 281/347/111
f 281/348/112 210/349/112 181/345/112 278/344/112 277/344/112
f 191/352/68 186/353/68 181/354/68 210/355/68 208/356/68 204/357/68 201/358/68 195/359/68
f 289/344/105 182/345/105 185/346/105 292/347/105
f 185/347/106 187/344/106 291/345/106 292/346/106
f 187/344/107 190/348/107 290/349/107 291/345/107
f 290/346/108 190/347/108 194/351/108 288/350/108
f 284/345/109 288/350/109 194/351/109 196/348/109 283/349/109
f 196/349/110 199/345/110 287/344/110 283/348/110
f 199/345/111 202/346/111 286/347/111 287/344/111
f 286/348/112 202/349/112 182/345/112 289/344/112 285/344/112
f 196/358/68 194/359/68 190/360/68 187/361/68 185/354/68 182/355/68 202/356/68 199/357/68
f 245/331/68 291/362/68 290/363/68
f 245/331/68 252/323/68 292/327/68 291/362/68
f 285/325/68 253/324/68 254/321/68 286/364/68
f 286/364/68 254/321/68 244/320/68 287/365/68
f 287/365/68 244/320/68 243/317/68 283/316/68
f 243/317/68 245/331/68 290/363/68 288/318/68 284/318/68
f 274/366/68 249/334/68 275/367/68 273/368/68
f 249/334/68 240/338/68 279/369/68 275/367/68
f 240/338/68 239/340/68 276/342/68 279/369/68
f 282/370/68 281/343/68 239/340/68 241/339/68
f 280/371/68 282/370/68 241/339/68 249/334/68
f 274/366/68 280/371/68 249/334/68
o Single_Socket_2
v 9.000334 -0.000000 6.720037
v 9.000334 -0.019559 6.742300
v 9.000334 -0.000000 6.766704
v 9.000334 -0.030507 6.750000
v 9.000000 -0.080000 6.830000
v 9.000334 -0.019559 6.750000
v 9.000000 0.080000 6.830000
v 9.000334 -0.004688 6.768645
v 9.000334 -0.004688 6.721979
v 9.000334 -0.023771 6.742300
v 9.000334 -0.006630 6.773334
v 9.000334 -0.028534 6.744273
v 9.000000 -0.080000 6.670000
v 9.000000 0.080000 6.670000
v 9.000334 -0.004688 6.778021
v 9.000334 -0.019559 6.757700
v 9.000334 -0.006630 6.726667
v 9.017667 -0.060852 6.689148
v 9.000334 -0.023771 6.757700
v 9.017667 -0.059429 6.690571
v 9.000334 -0.000000 6.779963
v 9.000334 -0.028534 6.755727
v 9.000334 -0.004688 6.731355
v 9.000334 0.004688 6.778021
v 9.017667 0.059429 6.690571
v 9.017667 0.060852 6.689148
v 9.000334 0.006630 6.773334
v 9.013333 0.080000 6.670000
v 9.000334 -0.000000 6.733296
v 9.000334 0.004688 6.768645
v 9.013333 -0.080000 6.670000
v 9.000334 0.004688 6.731355
v 9.013333 -0.080000 6.830000
v 9.013333 0.080000 6.830000
v 9.018333 0.070000 6.680000
v 9.000334 0.006630 6.726667
v 9.018333 -0.070000 6.680000
v 9.000334 0.004688 6.721979
v 9.018333 -0.070000 6.820000
v 9.018333 0.070000 6.820000
v 9.018333 -0.059429 6.809429
v 9.018333 -0.060852 6.810852
v 9.018333 0.060852 6.810852
v 9.018333 0.059429 6.809429
v 9.018333 -0.059429 6.690571
v 9.018333 -0.060852 6.689148
v 9.018333 0.060852 6.689148
v 9.018333 0.059429 6.690571
v 9.017667 -0.059429 6.809429
v 9.017667 -0.060852 6.810852
v 9.017667 0.060852 6.810852
v 9.017667 0.059429 6.809429
v 9.018333 0.038800 6.772401
v 9.018333 0.044802 6.750000
v 9.018333 0.000000 6.705198
v 9.018333 -0.022401 6.711200
v 9.018333 0.022401 6.711200
v 9.018333 0.038800 6.727599
v 9.018333 0.000000 6.794802
v 9.018333 0.022401 6.788800
v 9.018333 -0.022401 6.788800
v 9.018333 -0.038800 6.772401
v 9.018333 -0.038800 6.727599
v 9.018333 -0.044802 6.750000
v 9.005000 0.038800 6.772401
v 9.005000 0.044802 6.750000
v 9.005000 0.000000 6.705198
v 9.005000 -0.022401 6.711200
v 9.005000 0.022401 6.711200
v 9.005000 0.038800 6.727599
v 9.005000 0.000000 6.794802
v 9.005000 0.022401 6.788800
v 9.005000 -0.022401 6.788800
v 9.005000 -0.038800 6.772401
v 9.005000 -0.038800 6.727599
v 9.005000 -0.044802 6.750000
v 9.005000 0.000000 6.744900
v 9.005000 -0.003606 6.746394
v 9.005000 -0.005100 6.750000
v 9.005000 -0.003606 6.753606
v 9.005000 0.000000 6.755100
v 9.005000 0.003606 6.753606
v 9.005000 0.005100 6.750000
v 9.005000 0.003606 6.746394
v 9.011766 0.000000 6.746704
v 9.010100 0.000000 6.744900
v 9.011766 -0.002331 6.747670
v 9.010100 -0.003606 6.746394
v 9.011766 -0.003296 6.750000
v 9.010100 -0.005100 6.750000
v 9.011766 -0.002331 6.752331
v 9.010100 -0.003606 6.753606
v 9.011766 0.000000 6.753296
v 9.010100 0.000000 6.755100
v 9.011766 0.002331 6.752331
v 9.010100 0.003606 6.753606
v 9.011766 0.003296 6.750000
v 9.010100 0.005100 6.750000
v 9.011766 0.002331 6.747670
v 9.010100 0.003606 6.746394
v 9.005000 0.000000 6.733296
v 9.005000 -0.004688 6.731355
v 9.005000 -0.004688 6.721979
v 9.005000 0.000000 6.720037
v 9.005000 -0.006630 6.726667
v 9.005000 0.004688 6.731355
v 9.005000 0.004688 6.721979
v 9.005000 0.006630 6.726667
v 9.005000 0.004688 6.778021
v 9.005000 0.000000 6.766704
v 9.005000 0.004688 6.768645
v 9.005000 0.006630 6.773334
v 9.005000 0.000000 6.779963
v 9.005000 -0.004688 6.778021
v 9.005000 -0.006630 6.773334
v 9.005000 -0.004688 6.768645
v 9.005000 -0.023771 6.757700
v 9.005000 -0.028534 6.755727
v 9.005000 -0.019559 6.757700
v 9.005000 -0.030507 6.750000
v 9.005000 -0.019559 6.750000
v 9.005000 -0.019559 6.742300
v 9.005000 -0.028534 6.744273
v 9.005000 -0.023771 6.742300
vn 1.0000 -0.0000 -0.0000
vn -0.0000 1.0000 -0.0000
vn -0.0000 -0.0000 -1.0000
vn -0.0000 -1.0000 -0.0000
vn 0.8944 0.4472 -0.0000
vn -0.0000 -0.0000 1.0000
vn 0.8944 -0.0000 -0.4472
vn 0.8944 -0.4472 -0.0000
vn 0.8944 -0.0000 0.4472
vn -0.0000 -0.8660 -0.5000
vn -0.0000 -0.5000 0.8660
vn -0.0000 -0.8660 0.5000
vn -0.0000 0.5000 -0.8660
vn -0.0000 0.8660 0.5000
vn -0.0000 -0.5000 -0.8660
vn -0.0000 0.8660 -0.5000
vn -0.0000 0.5000 0.8660
vn 0.3688 -0.6572 -0.6572
vn 0.8991 -0.3095 -0.3095
vn 0.8991 -0.4377 -0.0000
vn 0.3688 -0.9295 -0.0000
vn 0.8991 -0.3095 0.3095
vn 0.3688 -0.6572 0.6572
vn 0.8991 -0.0000 0.4377
vn 0.3688 -0.0000 0.9295
vn 0.8991 0.3095 0.3095
vn 0.3688 0.6572 0.6572
vn 0.8991 0.4377 -0.0000
vn 0.3688 0.9295 -0.0000
vn 0.8991 0.3095 -0.3095
vn 0.3688 0.6572 -0.6572
vn 0.8991 -0.0000 -0.4377
vn 0.3688 -0.0000 -0.9295
vn -0.0000 -0.7071 -0.7071
vn -0.0000 0.7071 -0.7071
vn -0.0000 -0.7071 0.7071
vn -0.0000 0.7071 0.7071
vn -0.0000 0.3827 0.9239
vn -0.0000 0.9239 0.3827
vn -0.0000 0.9239 -0.3827
vn -0.0000 0.3827 -0.9239
vn -0.0000 -0.3827 -0.9239
vn -0.0000 -0.9239 -0.3827
vn -0.0000 -0.9239 0.3827
vn -0.0000 -0.3827 0.9239
vn -0.0000 0.7283 0.6852
vn -0.0000 0.1951 0.9808
vn -0.0000 0.7283 -0.6852
vn -0.0000 0.1951 -0.9808
vt 0.858561 0.312236
vt 0.858561 0.187656
vt 0.865541 0.178291
vt 0.865541 0.321601
vt 0.765704 0.312236
vt 0.758724 0.321601
vt 0.765704 0.187656
vt 0.857475 0.189112
vt 0.766790 0.189112
vt 0.841736 0.227015
vt 0.857475 0.189112
vt 0.846316 0.249946
vt 0.817219 0.331838
vt 0.807046 0.331838
vt 0.807046 0.168054
vt 0.817219 0.168054
vt 0.807046 0.331799
vt 0.807046 0.168093
vt 0.817219 0.168093
vt 0.817219 0.331799
vt 0.758724 0.178291
vt 0.751094 0.331838
vt 0.751094 0.168054
vt 0.873171 0.331838
vt 0.873171 0.168054
vt 0.766790 0.310780
vt 0.811878 0.310780
vt 0.811878 0.189112
vt 0.812387 0.189112
vt 0.812387 0.310780
vt 0.857475 0.310780
vt 0.858561 0.312236
vt 0.812387 0.189141
vt 0.812387 0.310751
vt 0.811878 0.310751
vt 0.811878 0.189141
vt 0.812387 0.187656
vt 0.812387 0.312236
vt 0.811878 0.312236
vt 0.811878 0.187656
vt 0.782529 0.227015
vt 0.795041 0.210229
vt 0.812387 0.187685
vt 0.812387 0.312207
vt 0.811878 0.312207
vt 0.811878 0.187685
vt 0.811878 0.312236
vt 0.812387 0.312236
vt 0.777950 0.249946
vt 0.812133 0.295807
vt 0.766790 0.310780
vt 0.795041 0.289663
vt 0.841736 0.272877
vt 0.829224 0.289663
vt 0.829224 0.210229
vt 0.812133 0.204085
vt 0.782529 0.272877
vt 0.807046 0.249946
vt 0.807046 0.227015
vt 0.817219 0.227015
vt 0.817219 0.249946
vt 0.807046 0.289663
vt 0.807046 0.272877
vt 0.817219 0.272877
vt 0.817219 0.289663
vt 0.817219 0.241108
vt 0.817219 0.264218
vt 0.807046 0.264218
vt 0.807046 0.241108
vt 0.807046 0.218378
vt 0.817219 0.218378
vt 0.807046 0.210229
vt 0.817219 0.210229
vt 0.817219 0.227015
vt 0.807046 0.227015
vt 0.817219 0.281514
vt 0.807046 0.281514
vt 0.808538 0.251944
vt 0.809809 0.251237
vt 0.811170 0.253063
vt 0.810643 0.254769
vt 0.813095 0.253063
vt 0.813622 0.254769
vt 0.814456 0.251237
vt 0.815727 0.251944
vt 0.814456 0.248655
vt 0.815727 0.247948
vt 0.813095 0.246829
vt 0.813622 0.245123
vt 0.811170 0.246829
vt 0.810643 0.245123
vt 0.809809 0.248655
vt 0.808538 0.247948
vt 0.810187 0.249993
vt 0.814078 0.249993
vt 0.814078 0.253636
vt 0.810187 0.253636
vt 0.810187 0.246256
vt 0.814078 0.246256
vt 0.814078 0.253637
vt 0.810187 0.253637
vt 0.810187 0.249946
vt 0.814078 0.249946
vt 0.810187 0.246255
vt 0.814078 0.246255
vt 0.829779 0.266835
vt 0.836303 0.282375
vt 0.828298 0.271634
vt 0.845151 0.238076
vt 0.845151 0.261816
vt 0.816024 0.249946
vt 0.814884 0.246255
vt 0.819663 0.266835
vt 0.812133 0.255166
vt 0.814884 0.253637
vt 0.821144 0.262036
vt 0.836303 0.217517
vt 0.812133 0.244725
vt 0.809381 0.253637
vt 0.820980 0.294245
vt 0.803285 0.294245
vt 0.820980 0.205647
vt 0.809381 0.246255
vt 0.787962 0.282375
vt 0.779114 0.261816
vt 0.793648 0.266454
vt 0.795674 0.272027
vt 0.797426 0.258530
vt 0.808242 0.249946
vt 0.801580 0.264103
vt 0.779114 0.238076
vt 0.803285 0.205647
vt 0.787962 0.217517
vt 0.795967 0.228258
vt 0.794486 0.233057
vt 0.799544 0.226270
vt 0.810352 0.249885
vt 0.813913 0.249885
vt 0.813913 0.254743
vt 0.810352 0.254743
vt 0.813913 0.254745
vt 0.810352 0.254745
vt 0.810352 0.249946
vt 0.813913 0.249946
vt 0.810352 0.245147
vt 0.813913 0.245147
vt 0.810352 0.249885
vt 0.813913 0.249885
vt 0.810352 0.245149
vt 0.813913 0.245149
vt 0.813913 0.249946
vt 0.810352 0.249946
vt 0.810352 0.245149
vt 0.816806 0.252543
vt 0.814068 0.256216
vt 0.810197 0.256216
vt 0.807459 0.252543
vt 0.807459 0.247349
vt 0.810197 0.243676
vt 0.814068 0.243676
vt 0.816806 0.247349
vt 0.810352 0.249885
vt 0.813913 0.249885
vt 0.813913 0.254743
vt 0.810352 0.254743
vt 0.810352 0.249885
vt 0.813913 0.249885
vt 0.810352 0.245149
vt 0.813913 0.245149
vt 0.813913 0.245147
vt 0.813913 0.249946
vt 0.813913 0.254745
vt 0.807459 0.247349
vt 0.810197 0.243676
vt 0.814068 0.243676
vt 0.816806 0.247349
vt 0.821144 0.271634
vt 0.824721 0.273622
vt 0.824721 0.260049
vt 0.828298 0.262036
vt 0.803121 0.237856
vt 0.799544 0.239843
vt 0.795967 0.237856
vt 0.803121 0.228258
vt 0.804603 0.233057
vt 0.810352 0.249946
vt 0.813913 0.249946
vt 0.813913 0.257828
vt 0.810352 0.257828
vt 0.810352 0.255809
vt 0.813913 0.255809
vt 0.813913 0.249633
vt 0.813913 0.254568
vt 0.810352 0.254568
vt 0.810352 0.249633
vt 0.810352 0.245324
vt 0.813913 0.245324
vt 0.807956 0.249946
vt 0.816309 0.249946
vt 0.814804 0.255809
vt 0.811170 0.257828
vt 0.810352 0.242064
vt 0.813913 0.242064
vt 0.810352 0.244083
vt 0.813913 0.244083
vt 0.813913 0.254568
vt 0.810352 0.249633
vt 0.813913 0.249633
vt 0.810352 0.245324
vt 0.813913 0.245324
vt 0.807956 0.242064
vt 0.811170 0.242064
vt 0.799828 0.274745
vt 0.795154 0.261578
vt 0.805735 0.269677
vt 0.803463 0.272725
vt 0.807956 0.257828
vt 0.814804 0.244083
s 0
usemtl Backrooms
f 338/372/113 334/373/113 331/374/113 329/375/113
f 339/376/113 338/372/113 329/375/113 327/377/113
f 343/378/113 342/373/113 341/379/113 344/380/113
f 354/381/113 333/382/113 356/383/113
f 320/384/114 306/385/114 299/386/114 326/387/114
f 305/388/115 306/389/115 320/390/115 323/391/115
f 305/384/116 323/385/116 325/386/116 297/387/116
f 332/392/117 327/377/117 320/393/117 326/394/117
f 325/388/118 326/389/118 299/390/118 297/391/118
f 327/377/119 329/375/119 323/395/119 320/393/119
f 329/375/120 331/374/120 325/396/120 323/395/120
f 318/376/113 343/378/113 344/380/113 317/397/113
f 337/398/116 333/399/116 341/400/116 312/401/116
f 331/374/121 332/392/121 326/394/121 325/396/121
f 317/397/113 312/402/113 310/403/113 318/376/113
f 340/404/115 337/405/115 312/406/115 317/407/115
f 342/373/113 310/403/113 312/402/113 341/379/113
f 334/408/114 338/409/114 310/410/114 342/411/114
f 345/412/113 336/380/113 352/413/113
f 335/414/115 334/415/115 342/416/115 343/417/115
f 335/378/113 339/376/113 327/377/113 332/392/113
f 338/416/118 339/417/118 318/414/118 310/415/118
f 334/373/113 335/378/113 332/392/113 331/374/113
f 336/400/114 340/401/114 317/398/114 344/399/114
f 339/418/116 335/411/116 343/408/116 318/419/116
f 336/380/113 345/412/113 346/420/113
f 347/421/113 340/422/113 349/423/113
f 355/424/113 337/402/113 348/425/113
f 333/382/113 337/402/113 355/424/113 356/383/113
f 353/426/113 333/382/113 354/381/113
f 351/427/113 352/413/113 336/380/113
f 350/428/113 349/423/113 340/422/113
f 340/422/113 336/380/113 346/420/113 350/428/113
f 333/406/118 336/407/118 344/404/118 341/405/118
f 353/426/113 351/427/113 336/380/113 333/382/113
f 348/425/113 337/402/113 340/422/113 347/421/113
s 1
f 346/429/116 345/430/122 357/431/122 358/432/116
f 349/433/123 350/434/124 362/435/124 361/436/123
f 351/437/115 353/438/125 365/439/125 363/440/115
f 356/432/114 355/435/126 367/434/126 368/429/114
f 350/434/124 346/429/116 358/432/116 362/435/124
f 347/440/118 349/441/123 361/442/123 359/437/118
f 345/430/122 352/443/127 364/444/127 357/431/122
f 354/445/128 356/432/114 368/429/114 366/446/128
f 348/439/129 347/440/118 359/437/118 360/438/129
f 352/442/127 351/437/115 363/440/115 364/441/127
f 353/438/125 354/447/128 366/448/128 365/439/125
f 355/448/126 348/439/129 360/438/129 367/447/126
f 380/449/130 379/450/131 381/451/132 382/452/133
f 382/452/133 381/451/132 383/453/134 384/454/135
f 384/454/135 383/453/134 385/455/136 386/456/137
f 386/456/137 385/455/136 387/457/138 388/458/139
f 388/458/139 387/457/138 389/459/140 390/460/141
f 390/460/141 389/459/140 391/461/142 392/462/143
f 392/462/143 391/461/142 377/463/144 378/464/145
f 385/455/136 383/453/134 381/451/132 379/450/131 377/463/144 391/461/142 389/459/140 387/457/138
f 369/465/115 378/466/145 380/467/130 370/468/146
f 376/469/147 392/470/143 378/466/145 369/465/115
f 370/471/146 380/472/130 382/473/133 371/474/116
f 371/474/116 382/473/133 384/475/135 372/476/148
f 372/467/148 384/468/135 386/465/137 373/466/118
f 373/466/118 386/465/137 388/469/139 374/470/149
f 374/475/149 388/476/139 390/474/141 375/473/114
f 375/473/114 390/474/141 392/471/143 376/472/147
f 378/464/145 377/463/144 379/450/131 380/449/130
s 0
f 401/477/113 363/478/113 405/479/113
f 357/480/113 364/481/113 374/482/113 375/483/113
f 408/484/113 372/485/113 373/486/113 402/487/113
f 358/488/113 357/480/113 375/483/113 376/489/113
f 371/490/113 372/485/113 365/491/113 366/492/113
f 362/493/113 358/488/113 376/489/113 369/494/113
f 368/495/113 367/496/113 415/497/113 412/498/113
f 414/499/113 370/500/113 413/501/113
f 369/494/113 367/496/113 360/502/113
f 362/493/113 369/494/113 361/503/113
f 359/504/113 396/505/113 395/506/113
f 399/507/113 396/505/113 359/504/113
f 396/508/150 293/509/150 301/510/150 395/511/150
f 395/512/151 301/513/151 309/514/151 397/515/151
f 397/515/152 309/514/152 315/516/152 394/517/152
f 315/511/153 321/518/153 393/519/153 394/510/153
f 393/519/154 321/518/154 324/520/154 398/521/154
f 398/516/155 324/517/155 328/522/155 400/523/155
f 400/523/156 328/522/156 330/512/156 399/513/156
f 396/508/157 399/524/157 330/521/157 293/509/157
f 315/525/113 309/526/113 301/527/113 293/528/113 330/529/113 328/530/113 324/531/113 321/532/113
f 402/533/150 295/534/150 300/535/150 408/536/150
f 300/513/151 303/523/151 407/522/151 408/512/151
f 303/523/152 307/516/152 406/517/152 407/522/152
f 406/535/153 307/536/153 313/537/153 405/538/153
f 405/538/154 313/537/154 316/539/154 401/540/154
f 316/541/155 319/542/155 404/523/155 401/516/155
f 319/542/156 322/543/156 403/513/156 404/523/156
f 402/533/157 403/539/157 322/540/157 295/534/157
f 319/544/113 316/545/113 313/546/113 307/547/113 303/525/113 300/526/113 295/527/113 322/528/113
f 365/491/113 407/548/113 406/549/113
f 365/491/113 372/485/113 408/484/113 407/548/113
f 402/487/113 373/486/113 374/482/113 403/550/113
f 403/550/113 374/482/113 364/481/113 404/551/113
f 404/551/113 364/481/113 363/478/113 401/477/113
f 405/479/113 363/478/113 365/491/113 406/549/113
f 393/552/113 369/494/113 394/553/113
f 369/494/113 360/502/113 397/554/113 394/553/113
f 360/502/113 359/504/113 395/506/113 397/554/113
f 400/555/113 399/507/113 359/504/113 361/503/113
f 398/556/113 400/555/113 361/503/113 369/494/113
f 393/552/113 398/556/113 369/494/113
f 413/557/116 298/558/116 294/559/116 414/560/116
s 1
f 304/561/158 296/523/114 412/522/114 415/562/158
f 302/563/159 304/564/158 415/565/158 416/566/159
f 414/567/118 294/568/118 302/563/159 416/566/159
s 0
f 298/569/113 296/570/113 304/571/113 302/572/113
f 411/573/116 308/574/116 298/558/116 413/557/116
s 1
f 412/522/114 296/523/114 314/575/160 410/576/160
f 410/577/160 314/565/160 311/578/161 409/579/161
f 311/578/161 308/580/115 411/581/115 409/579/161
s 0
f 298/569/113 308/582/113 311/583/113
f 366/492/113 368/495/113 412/498/113 410/584/113
f 415/497/113 367/496/113 416/585/113
f 367/496/113 369/494/113 370/500/113 414/499/113 416/585/113
f 370/500/113 371/490/113 411/586/113 413/501/113
f 371/490/113 366/492/113 409/587/113 411/586/113
f 409/587/113 366/492/113 410/584/113
f 294/588/113 298/569/113 302/572/113
f 296/570/113 298/569/113 311/583/113 314/589/113
o Single_Socket_3
v 9.000255 0.003960 6.524472
v 9.000000 -0.080000 6.580000
v 9.000000 0.080000 6.580000
v 9.000255 0.006763 6.525779
v 9.000000 -0.080000 6.420000
v 9.000255 0.005090 6.525706
v 9.000000 0.080000 6.420000
v 9.000255 0.018067 6.521665
v 9.000255 0.019374 6.518861
v 9.017667 -0.060852 6.439148
v 9.000255 0.019301 6.520534
v 9.017667 -0.059429 6.440571
v 9.000255 0.005267 6.521669
v 9.017667 0.059429 6.440571
v 9.017667 0.060852 6.439148
v 9.000255 0.004033 6.522799
v 9.013333 0.080000 6.420000
v 9.000255 0.016571 6.517554
v 9.013333 -0.080000 6.420000
v 9.000255 0.018243 6.517627
v 9.013333 -0.080000 6.580000
v 9.013333 0.080000 6.580000
v 9.018333 0.070000 6.430000
v 9.018333 -0.070000 6.430000
v 9.018333 -0.070000 6.570000
v 9.018333 0.070000 6.570000
v 9.018333 -0.059429 6.559429
v 9.018333 -0.060852 6.560852
v 9.018333 0.060852 6.560852
v 9.018333 0.059429 6.559429
v 9.018333 -0.059429 6.440571
v 9.000255 -0.033904 6.500000
v 9.018333 -0.060852 6.439148
v 9.000255 -0.031717 6.502187
v 9.018333 0.060852 6.439148
v 9.000255 -0.033263 6.501546
v 9.018333 0.059429 6.440571
v 9.000255 -0.019687 6.502187
v 9.017667 -0.059429 6.559429
v 9.000255 -0.017500 6.500000
v 9.017667 -0.060852 6.560852
v 9.000255 -0.018141 6.501546
v 9.017667 0.060852 6.560852
v 9.000255 -0.031717 6.497813
v 9.017667 0.059429 6.559429
v 9.000255 -0.033263 6.498454
v 9.018333 0.038800 6.522401
v 9.000255 -0.019687 6.497813
v 9.018333 0.044802 6.500000
v 9.000255 -0.018141 6.498454
v 9.018333 0.000000 6.455198
v 9.018333 -0.022401 6.461200
v 9.018333 0.022401 6.461200
v 9.018333 0.038800 6.477599
v 9.018333 0.000000 6.544802
v 9.018333 0.022401 6.538800
v 9.018333 -0.022401 6.538800
v 9.018333 -0.038800 6.522401
v 9.018333 -0.038800 6.477599
v 9.018333 -0.044802 6.500000
v 9.005000 0.038800 6.522401
v 9.000255 0.003960 6.475528
v 9.005000 0.044802 6.500000
v 9.000255 0.005267 6.478332
v 9.005000 0.000000 6.455198
v 9.000255 0.004033 6.477201
v 9.000255 0.016571 6.482446
v 9.005000 -0.022401 6.461200
v 9.005000 0.022401 6.461200
v 9.000255 0.019374 6.481139
v 9.005000 0.038800 6.477599
v 9.000255 0.018243 6.482373
v 9.005000 0.000000 6.544802
v 9.000255 0.006763 6.474221
v 9.000255 0.005091 6.474294
v 9.005000 0.022401 6.538800
v 9.005000 -0.022401 6.538800
v 9.000255 0.018067 6.478335
v 9.000255 0.019301 6.479466
v 9.005000 -0.038800 6.522401
v 9.005000 -0.038800 6.477599
v 9.005000 -0.044802 6.500000
v 9.005000 0.005090 6.525706
v 9.005000 0.006763 6.525779
v 9.005000 0.003960 6.524472
v 9.005000 0.018067 6.521665
v 9.005000 0.019301 6.520534
v 9.005000 0.016571 6.517554
v 9.005000 0.018243 6.517627
v 9.005000 0.019374 6.518861
v 9.005000 -0.031717 6.502187
v 9.005000 -0.033263 6.501546
v 9.005000 -0.033263 6.498454
v 9.005000 -0.031717 6.497813
v 9.005000 -0.033904 6.500000
v 9.005000 0.018243 6.482373
v 9.005000 0.016571 6.482446
v 9.005000 0.019301 6.479466
v 9.005000 0.019374 6.481139
v 9.005000 0.005091 6.474294
v 9.005000 0.006763 6.474221
v 9.005000 0.003960 6.475528
v 9.005000 0.018067 6.478335
v 9.005000 0.004033 6.522799
v 9.005000 0.005267 6.521669
v 9.005000 -0.018141 6.501546
v 9.005000 -0.019687 6.502187
v 9.005000 -0.017500 6.500000
v 9.005000 -0.018141 6.498454
v 9.005000 0.004033 6.477201
v 9.005000 0.005267 6.478332
v 9.005000 -0.019687 6.497813
v 9.005000 -0.007062 6.529515
vn 1.0000 -0.0000 -0.0000
vn -0.0000 1.0000 -0.0000
vn -0.0000 -0.0000 -1.0000
vn -0.0000 -1.0000 -0.0000
vn 0.8944 0.4472 -0.0000
vn -0.0000 -0.0000 1.0000
vn 0.8944 -0.0000 -0.4472
vn 0.8944 -0.4472 -0.0000
vn 0.8944 -0.0000 0.4472
vn -0.0000 -0.8660 -0.5000
vn -0.0000 -0.5000 0.8660
vn -0.0000 -0.8660 0.5000
vn -0.0000 0.5000 -0.8660
vn -0.0000 0.8660 0.5000
vn -0.0000 -0.5000 -0.8660
vn -0.0000 0.8660 -0.5000
vn -0.0000 0.5000 0.8660
vn -0.0000 0.9063 0.4226
vn -0.0000 0.9397 -0.3420
vn -0.0000 0.5188 0.8549
vn -0.0000 -0.9397 0.3420
vn -0.0000 -0.4226 0.9063
vn -0.0000 0.1521 0.9884
vn -0.0000 0.4226 -0.9063
vn -0.0000 -0.1521 -0.9884
vn -0.0000 -0.9063 -0.4226
vn -0.0000 -0.5188 -0.8549
vn -0.0000 0.7071 0.7071
vn -0.0000 0.1951 0.9808
vn -0.0000 -0.7071 0.7071
vn -0.0000 -0.1951 0.9808
vn -0.0000 0.7071 -0.7071
vn -0.0000 0.1951 -0.9808
vn -0.0000 -0.7071 -0.7071
vn -0.0000 -0.1951 -0.9808
vn -0.0000 0.4226 0.9063
vn -0.0000 0.9397 0.3420
vn -0.0000 -0.1521 0.9884
vn -0.0000 -0.9397 -0.3420
vn -0.0000 -0.9063 0.4226
vn -0.0000 -0.5188 0.8549
vn -0.0000 0.9063 -0.4226
vn -0.0000 0.5188 -0.8549
vn -0.0000 -0.4226 -0.9063
vn -0.0000 0.1521 -0.9884
vt 0.859314 0.312671
vt 0.859314 0.187220
vt 0.866407 0.177790
vt 0.866407 0.322102
vt 0.764951 0.312671
vt 0.757858 0.322102
vt 0.859314 0.312671
vt 0.858211 0.311205
vt 0.858211 0.188687
vt 0.842216 0.226855
vt 0.858211 0.188687
vt 0.846870 0.249946
vt 0.817302 0.332410
vt 0.806964 0.332410
vt 0.806964 0.167482
vt 0.817302 0.167482
vt 0.806964 0.167482
vt 0.817301 0.167482
vt 0.757858 0.177790
vt 0.750105 0.332410
vt 0.750105 0.167482
vt 0.806964 0.332410
vt 0.874160 0.332410
vt 0.874160 0.167482
vt 0.764951 0.187220
vt 0.766055 0.188687
vt 0.811874 0.311205
vt 0.811874 0.188687
vt 0.812391 0.188687
vt 0.812391 0.311205
vt 0.766055 0.311205
vt 0.812391 0.187220
vt 0.812391 0.312671
vt 0.811874 0.312671
vt 0.811874 0.187220
vt 0.782049 0.226855
vt 0.794764 0.209951
vt 0.812391 0.312671
vt 0.811874 0.312671
vt 0.764951 0.187220
vt 0.811874 0.187220
vt 0.812391 0.187220
vt 0.777395 0.249946
vt 0.812133 0.296128
vt 0.794764 0.289941
vt 0.842216 0.273037
vt 0.858211 0.311205
vt 0.829501 0.289941
vt 0.829501 0.209951
vt 0.812133 0.203764
vt 0.782049 0.273037
vt 0.811874 0.311205
vt 0.812391 0.311205
vt 0.806964 0.249946
vt 0.806964 0.226855
vt 0.817302 0.226855
vt 0.817302 0.249946
vt 0.806964 0.235307
vt 0.806964 0.218403
vt 0.817302 0.218403
vt 0.817302 0.235307
vt 0.817302 0.249946
vt 0.817302 0.273037
vt 0.806964 0.273037
vt 0.806964 0.249946
vt 0.817302 0.241494
vt 0.817302 0.264585
vt 0.806964 0.264585
vt 0.806964 0.241494
vt 0.806964 0.258398
vt 0.817302 0.258398
vt 0.817302 0.209951
vt 0.817302 0.226855
vt 0.806964 0.226855
vt 0.806964 0.209951
vt 0.817302 0.218403
vt 0.806964 0.218403
vt 0.806964 0.281489
vt 0.817302 0.281489
vt 0.817302 0.289941
vt 0.806964 0.289941
vt 0.803142 0.205338
vt 0.810160 0.220987
vt 0.801707 0.226227
vt 0.845686 0.237993
vt 0.845686 0.261899
vt 0.833915 0.252568
vt 0.833972 0.250845
vt 0.794744 0.275318
vt 0.803142 0.294554
vt 0.787570 0.282601
vt 0.793545 0.274658
vt 0.813259 0.252392
vt 0.811963 0.252392
vt 0.811963 0.247500
vt 0.813259 0.247500
vt 0.813972 0.255998
vt 0.813972 0.257270
vt 0.810293 0.257270
vt 0.810293 0.255998
vt 0.812302 0.247500
vt 0.813259 0.247500
vt 0.812302 0.252392
vt 0.813972 0.242622
vt 0.813972 0.244346
vt 0.810293 0.244346
vt 0.810293 0.242622
vt 0.811006 0.252392
vt 0.811006 0.247500
vt 0.810293 0.255546
vt 0.813972 0.255546
vt 0.811006 0.247500
vt 0.810293 0.243894
vt 0.810293 0.242622
vt 0.813972 0.242622
vt 0.813972 0.243894
vt 0.812133 0.241492
vt 0.813332 0.242152
vt 0.813828 0.243746
vt 0.813828 0.256146
vt 0.813332 0.257740
vt 0.812133 0.258400
vt 0.810934 0.257740
vt 0.810437 0.256146
vt 0.810437 0.243746
vt 0.810934 0.242152
vt 0.813332 0.252392
vt 0.812133 0.252392
vt 0.812133 0.247500
vt 0.813332 0.247500
vt 0.813972 0.256146
vt 0.813972 0.257740
vt 0.810293 0.257740
vt 0.810293 0.256146
vt 0.812133 0.247500
vt 0.813332 0.247500
vt 0.813972 0.242152
vt 0.813972 0.243746
vt 0.810293 0.243746
vt 0.810293 0.242152
vt 0.810934 0.252392
vt 0.810934 0.247500
vt 0.810934 0.247500
vt 0.810293 0.243746
vt 0.813972 0.243746
vt 0.813828 0.243746
vt 0.813828 0.256146
vt 0.810437 0.243746
vt 0.811963 0.247500
vt 0.778579 0.261899
vt 0.793048 0.273064
vt 0.778579 0.237993
vt 0.793545 0.271470
vt 0.795943 0.274658
vt 0.821123 0.294554
vt 0.824443 0.276607
vt 0.836696 0.282601
vt 0.826843 0.263625
vt 0.802538 0.265890
vt 0.803035 0.264296
vt 0.821123 0.205338
vt 0.811457 0.220911
vt 0.812413 0.222077
vt 0.836696 0.217290
vt 0.812470 0.223801
vt 0.833095 0.249573
vt 0.831799 0.249497
vt 0.802538 0.262702
vt 0.826900 0.261901
vt 0.787570 0.217290
vt 0.800830 0.227499
vt 0.800887 0.229223
vt 0.801844 0.230388
vt 0.800140 0.262702
vt 0.803140 0.230313
vt 0.801339 0.262041
vt 0.811593 0.225073
vt 0.830842 0.250663
vt 0.829017 0.264972
vt 0.827720 0.264897
vt 0.829974 0.263806
s 0
usemtl Backrooms
f 449/590/162 444/591/162 441/592/162 440/593/162
f 451/594/162 449/590/162 440/593/162 439/595/162
f 459/591/162 457/596/162 455/597/162 461/598/162
f 474/599/162 443/600/162 476/601/162
f 433/602/163 423/603/163 419/604/163 438/605/163
f 421/603/164 423/606/164 433/605/164 435/602/164
f 421/602/165 435/603/165 437/606/165 418/607/165
f 442/608/166 439/595/166 433/609/166 438/610/166
f 437/611/167 438/604/167 419/605/167 418/602/167
f 439/595/168 440/593/168 435/612/168 433/609/168
f 440/593/169 441/592/169 437/613/169 435/612/169
f 431/614/162 459/591/162 461/598/162 430/615/162
f 447/616/165 443/617/165 455/618/165 428/619/165
f 441/592/170 442/608/170 438/610/170 437/613/170
f 430/615/162 428/620/162 426/594/162 431/614/162
f 453/618/164 447/619/164 428/616/164 430/617/164
f 457/596/162 426/594/162 428/620/162 455/597/162
f 444/621/163 449/622/163 426/623/163 457/624/163
f 463/625/162 446/615/162 472/626/162
f 445/621/164 444/627/164 457/628/164 459/624/164
f 445/629/162 451/594/162 439/595/162 442/608/162
f 449/628/167 451/630/167 431/631/167 426/627/167
f 444/591/162 445/629/162 442/608/162 441/592/162
f 446/618/163 453/619/163 430/616/163 461/617/163
f 451/623/165 445/624/165 459/621/165 431/622/165
f 446/615/162 463/625/162 465/632/162
f 467/633/162 453/620/162 469/634/162
f 475/635/162 447/636/162 468/637/162
f 443/600/162 447/636/162 475/635/162 476/601/162
f 473/638/162 443/600/162 474/599/162
f 471/639/162 472/626/162 446/615/162
f 470/640/162 469/634/162 453/620/162
f 453/620/162 446/615/162 465/632/162 470/640/162
f 443/641/167 446/617/167 461/618/167 455/642/167
f 473/638/162 471/639/162 446/615/162 443/600/162
f 468/637/162 447/636/162 453/620/162 467/633/162
s 1
f 465/643/165 463/644/171 477/645/171 479/646/165
f 469/647/172 470/648/173 487/649/173 485/650/172
f 471/651/164 473/652/174 493/653/174 489/654/164
f 476/655/163 475/656/175 497/657/175 498/658/163
f 470/653/173 465/643/165 479/646/165 487/652/173
f 467/659/167 469/647/172 485/650/172 481/660/167
f 463/661/171 472/662/176 492/663/176 477/664/171
f 474/665/177 476/655/163 498/658/163 496/666/177
f 468/667/178 467/659/167 481/660/167 484/668/178
f 472/662/176 471/651/164 489/654/164 492/663/176
f 473/652/174 474/669/177 496/670/177 493/653/174
f 475/656/175 468/668/178 484/667/178 497/657/175
s 0
f 485/671/162 519/672/162 517/673/162
f 477/674/162 492/675/162 502/676/162 503/677/162
f 508/678/162 496/679/162 498/680/162 511/681/162
s 1
f 432/682/179 417/683/180 501/684/180 520/685/179
f 429/686/181 432/687/179 520/688/179 521/689/181
f 425/690/182 436/691/183 505/682/183 506/692/182
f 436/693/183 434/694/184 504/695/184 505/696/183
f 417/683/180 422/697/185 499/698/185 501/684/180
f 422/688/185 420/699/186 500/700/186 499/687/185
f 427/701/187 425/690/182 506/692/182 503/697/187
f 424/702/188 427/703/187 503/704/187 502/705/188
s 0
f 425/706/162 427/707/162 424/708/162 420/709/162 422/710/162 417/711/162 432/712/162 429/713/162 434/714/162 436/715/162
s 1
f 500/700/186 420/699/186 424/702/188 502/705/188
f 504/695/184 434/694/184 429/686/181 521/689/181
f 462/716/189 448/717/163 511/718/163 509/719/189
f 460/720/190 462/721/189 509/722/189 510/723/190
f 456/724/165 466/725/191 525/716/191 524/717/165
f 466/726/191 464/727/192 528/728/192 525/729/191
f 448/717/163 452/730/193 508/731/193 511/718/163
f 452/722/193 450/723/194 507/720/194 508/721/193
f 458/732/195 456/724/165 524/717/165 522/730/195
f 454/733/196 458/729/195 522/726/195 523/734/196
s 0
f 454/735/162 450/736/162 452/710/162 448/711/162 462/712/162 460/713/162 464/737/162 466/715/162 456/706/162 458/707/162
s 1
f 507/720/194 450/723/194 454/733/196 523/734/196
f 528/728/192 464/727/192 460/720/190 510/723/190
f 491/682/197 478/692/198 518/690/198 516/691/197
f 490/700/199 491/687/197 516/688/197 517/699/199
f 486/738/200 495/691/201 514/682/201 515/683/200
f 514/703/201 495/704/201 494/705/202 519/702/202
f 478/692/198 482/697/203 526/701/203 518/690/198
f 482/688/203 480/689/204 527/686/204 526/687/203
f 488/701/205 486/738/200 515/683/200 512/697/205
f 483/695/206 488/696/205 512/693/205 513/694/206
s 0
f 483/735/162 480/709/162 482/710/162 478/711/162 491/712/162 490/713/162 494/737/162 495/715/162 486/706/162 488/707/162
s 1
f 480/689/204 483/695/206 513/694/206 527/686/204
f 519/702/202 494/705/202 490/700/199 517/699/199
s 0
f 511/681/162 498/680/162 497/739/162 509/740/162
f 509/740/162 497/739/162 484/741/162 510/742/162
f 507/743/162 493/744/162 496/679/162 508/678/162
f 529/745/162 489/746/162 493/744/162
f 520/747/162 529/745/162 523/748/162 522/749/162
f 487/750/162 514/751/162 519/672/162 485/671/162
f 515/752/162 487/750/162 479/753/162 512/754/162
f 479/753/162 477/674/162 506/755/162 505/756/162
f 522/749/162 524/757/162 521/758/162 520/747/162
f 515/752/162 514/751/162 487/750/162
f 484/741/162 481/759/162 516/760/162 518/761/162
f 481/759/162 485/671/162 517/673/162 516/760/162
f 484/741/162 518/761/162 526/762/162 528/763/162
f 528/763/162 526/762/162 527/764/162 525/765/162
f 512/754/162 479/753/162 513/766/162
f 479/753/162 524/757/162 525/765/162 527/764/162 513/766/162
f 479/753/162 505/756/162 504/767/162
f 524/757/162 479/753/162 504/767/162 521/758/162
f 477/674/162 503/677/162 506/755/162
f 510/742/162 484/741/162 528/763/162
f 507/743/162 523/748/162 493/744/162
f 499/768/162 489/746/162 501/769/162
f 492/675/162 489/746/162 499/768/162 500/770/162
f 502/676/162 492/675/162 500/770/162
f 501/769/162 489/746/162 529/745/162 520/747/162
f 523/748/162 529/745/162 493/744/162
o Single_Socket_4
v 9.000334 -0.000000 6.220037
v 9.000334 -0.000000 6.266704
v 9.000000 -0.080000 6.330000
v 9.000000 0.080000 6.330000
v 9.000334 -0.004688 6.268645
v 9.000334 -0.004688 6.221979
v 9.000334 -0.006630 6.273334
v 9.000000 -0.080000 6.170000
v 9.000000 0.080000 6.170000
v 9.000334 -0.004688 6.278021
v 9.000334 -0.006630 6.226667
v 9.017667 -0.060852 6.189148
v 9.017667 -0.059429 6.190571
v 9.000334 -0.000000 6.279963
v 9.000334 -0.004688 6.231355
v 9.000334 0.004688 6.278021
v 9.017667 0.059429 6.190571
v 9.017667 0.060852 6.189148
v 9.000334 0.006630 6.273334
v 9.013333 0.080000 6.170000
v 9.000334 -0.000000 6.233296
v 9.000334 0.004688 6.268645
v 9.013333 -0.080000 6.170000
v 9.000334 0.004688 6.231355
v 9.013333 -0.080000 6.330000
v 9.013333 0.080000 6.330000
v 9.018333 0.070000 6.180000
v 9.000334 0.006630 6.226667
v 9.018333 -0.070000 6.180000
v 9.000334 0.004688 6.221979
v 9.018333 -0.070000 6.320000
v 9.018333 0.070000 6.320000
v 9.018333 -0.059429 6.309429
v 9.018333 -0.060852 6.310852
v 9.018333 0.060852 6.310852
v 9.018333 0.059429 6.309429
v 9.018333 -0.059429 6.190571
v 9.018333 -0.060852 6.189148
v 9.018333 0.060852 6.189148
v 9.018333 0.059429 6.190571
v 9.017667 -0.059429 6.309429
v 9.017667 -0.060852 6.310852
v 9.017667 0.060852 6.310852
v 9.017667 0.059429 6.309429
v 9.018333 0.038800 6.272401
v 9.018333 0.044802 6.250000
v 9.018333 0.000000 6.205198
v 9.018333 -0.022401 6.211200
v 9.018333 0.022401 6.211200
v 9.018333 0.038800 6.227599
v 9.018333 0.000000 6.294802
v 9.018333 0.022401 6.288800
v 9.018333 -0.022401 6.288800
v 9.018333 -0.038800 6.272401
v 9.018333 -0.038800 6.227599
v 9.018333 -0.044802 6.250000
v 9.005000 0.038800 6.272401
v 9.005000 0.044802 6.250000
v 9.005000 0.000000 6.205198
v 9.005000 -0.022401 6.211200
v 9.005000 0.022401 6.211200
v 9.005000 0.038800 6.227599
v 9.005000 0.000000 6.294802
v 9.005000 0.022401 6.288800
v 9.005000 -0.022401 6.288800
v 9.005000 -0.038800 6.272401
v 9.005000 -0.038800 6.227599
v 9.005000 -0.044802 6.250000
v 9.005000 0.011729 6.250000
v 9.005000 0.009787 6.245312
v 9.005000 0.009787 6.254688
v 9.005000 -0.001531 6.250000
v 9.005000 0.005099 6.243370
v 9.005000 0.000411 6.245312
v 9.005000 0.000411 6.254688
v 9.005000 0.005099 6.256630
v 9.000334 0.009787 6.245312
v 9.000334 0.011729 6.250000
v 9.000334 0.009787 6.254688
v 9.000334 0.005099 6.256630
v 9.000334 0.000411 6.254688
v 9.000334 -0.001531 6.250000
v 9.000334 0.000411 6.245312
v 9.000334 0.005099 6.243370
v 9.005000 0.000000 6.233296
v 9.005000 -0.004688 6.231355
v 9.005000 -0.004688 6.221979
v 9.005000 0.000000 6.220037
v 9.005000 -0.006630 6.226667
v 9.005000 0.004688 6.231355
v 9.005000 0.004688 6.221979
v 9.005000 0.006630 6.226667
v 9.005000 0.004688 6.278021
v 9.005000 0.004688 6.268645
v 9.005000 0.006630 6.273334
v 9.005000 0.000000 6.279963
v 9.005000 0.000000 6.266704
v 9.005000 -0.004688 6.278021
v 9.005000 -0.006630 6.273334
v 9.005000 -0.004688 6.268645
vn 1.0000 -0.0000 -0.0000
vn -0.0000 1.0000 -0.0000
vn -0.0000 -0.0000 -1.0000
vn -0.0000 -1.0000 -0.0000
vn 0.8944 0.4472 -0.0000
vn -0.0000 -0.0000 1.0000
vn 0.8944 -0.0000 -0.4472
vn 0.8944 -0.4472 -0.0000
vn 0.8944 -0.0000 0.4472
vn -0.0000 -0.8660 -0.5000
vn -0.0000 -0.5000 0.8660
vn -0.0000 -0.8660 0.5000
vn -0.0000 0.5000 -0.8660
vn -0.0000 0.8660 0.5000
vn -0.0000 -0.5000 -0.8660
vn -0.0000 0.8660 -0.5000
vn -0.0000 0.5000 0.8660
vn -0.0000 -0.7071 -0.7071
vn -0.0000 0.7071 -0.7071
vn -0.0000 0.7071 0.7071
vn -0.0000 -0.7071 0.7071
vt 0.859341 0.312127
vt 0.859341 0.187764
vt 0.866438 0.178416
vt 0.866438 0.321476
vt 0.764924 0.312127
vt 0.757827 0.321476
vt 0.859341 0.187764
vt 0.858237 0.310674
vt 0.858237 0.189218
vt 0.842233 0.227055
vt 0.846890 0.249946
vt 0.817305 0.331694
vt 0.806961 0.331694
vt 0.806961 0.168197
vt 0.817305 0.168197
vt 0.806961 0.331694
vt 0.817305 0.331694
vt 0.757827 0.178416
vt 0.750069 0.331694
vt 0.750069 0.168197
vt 0.874196 0.331694
vt 0.874196 0.168197
vt 0.764924 0.187764
vt 0.766028 0.189218
vt 0.811874 0.310674
vt 0.811874 0.189218
vt 0.812391 0.189218
vt 0.812391 0.310674
vt 0.766028 0.310674
vt 0.764924 0.312127
vt 0.812391 0.187764
vt 0.812391 0.312127
vt 0.811874 0.312127
vt 0.811874 0.187764
vt 0.782032 0.227055
vt 0.794754 0.210298
vt 0.812391 0.312127
vt 0.811874 0.312127
vt 0.777375 0.249946
vt 0.812133 0.295727
vt 0.794754 0.289594
vt 0.842233 0.272837
vt 0.858237 0.310674
vt 0.829511 0.289594
vt 0.829511 0.210298
vt 0.812133 0.204165
vt 0.782032 0.272837
vt 0.806961 0.249946
vt 0.806961 0.227055
vt 0.817305 0.227055
vt 0.817305 0.249946
vt 0.806961 0.235434
vt 0.806961 0.218677
vt 0.817305 0.218677
vt 0.817305 0.235434
vt 0.817305 0.258325
vt 0.817305 0.281215
vt 0.806961 0.281215
vt 0.806961 0.258325
vt 0.817305 0.249946
vt 0.817305 0.272837
vt 0.806961 0.272837
vt 0.806961 0.249946
vt 0.806961 0.272837
vt 0.817305 0.272837
vt 0.817305 0.218677
vt 0.817305 0.235434
vt 0.806961 0.235434
vt 0.806961 0.218677
vt 0.817305 0.210298
vt 0.806961 0.210298
vt 0.817305 0.289594
vt 0.806961 0.289594
vt 0.810322 0.245155
vt 0.813943 0.245155
vt 0.813943 0.249946
vt 0.810322 0.249946
vt 0.810322 0.254736
vt 0.813943 0.254736
vt 0.813943 0.249946
vt 0.810322 0.249946
vt 0.810322 0.245155
vt 0.813943 0.245155
vt 0.807381 0.252539
vt 0.807381 0.247353
vt 0.810164 0.243687
vt 0.814101 0.243687
vt 0.816885 0.247353
vt 0.816885 0.252539
vt 0.814101 0.256205
vt 0.810164 0.256205
vt 0.830076 0.266806
vt 0.836710 0.282318
vt 0.828570 0.271596
vt 0.787555 0.217574
vt 0.795696 0.228296
vt 0.794189 0.233086
vt 0.799333 0.226311
vt 0.813943 0.249946
vt 0.807381 0.252539
vt 0.816885 0.252539
vt 0.816885 0.247353
vt 0.807381 0.247353
vt 0.821128 0.294167
vt 0.821296 0.271596
vt 0.824933 0.273580
vt 0.828570 0.262015
vt 0.845706 0.261795
vt 0.778560 0.238097
vt 0.795696 0.237877
vt 0.802970 0.228296
vt 0.803137 0.205725
vt 0.814930 0.253036
vt 0.818567 0.251052
vt 0.821296 0.262015
vt 0.819789 0.266806
vt 0.820073 0.246261
vt 0.824933 0.260031
vt 0.809786 0.246261
vt 0.799333 0.239861
vt 0.802970 0.237877
vt 0.811293 0.241471
vt 0.814930 0.239487
vt 0.804476 0.233086
vt 0.803137 0.294167
vt 0.787555 0.282318
vt 0.778560 0.261795
vt 0.811293 0.251052
vt 0.845706 0.238097
vt 0.836710 0.217574
vt 0.821128 0.205725
vt 0.818567 0.241471
s 0
usemtl Backrooms
f 567/771/207 563/772/207 560/773/207 558/774/207
f 568/775/207 567/771/207 558/774/207 556/776/207
f 572/777/207 571/771/207 570/778/207 573/779/207
f 583/780/207 562/779/207 585/781/207
f 549/782/208 538/783/208 533/784/208 555/785/208
f 537/786/209 538/784/209 549/785/209 552/787/209
f 537/782/210 552/783/210 554/784/210 532/785/210
f 561/788/211 556/776/211 549/789/211 555/790/211
f 554/786/212 555/784/212 533/785/212 532/787/212
f 556/776/213 558/774/213 552/791/213 549/789/213
f 558/774/214 560/773/214 554/792/214 552/791/214
f 547/793/207 572/777/207 573/779/207 546/794/207
f 566/795/210 562/796/210 570/797/210 542/798/210
f 560/773/215 561/788/215 555/790/215 554/792/215
f 546/794/207 542/799/207 541/800/207 547/793/207
f 569/797/209 566/798/209 542/795/209 546/796/209
f 571/771/207 541/800/207 542/799/207 570/778/207
f 563/801/208 567/802/208 541/803/208 571/804/208
f 574/805/207 565/794/207 581/806/207
f 564/801/209 563/807/209 571/808/209 572/804/209
f 564/793/207 568/775/207 556/776/207 561/788/207
f 567/808/212 568/804/212 547/801/212 541/807/212
f 563/772/207 564/793/207 561/788/207 560/773/207
f 565/797/208 569/798/208 546/795/208 573/796/208
f 568/803/210 564/804/210 572/801/210 547/802/210
f 565/794/207 574/805/207 575/809/207
f 576/810/207 569/799/207 578/811/207
f 584/812/207 566/813/207 577/814/207
f 562/779/207 566/813/207 584/812/207 585/781/207
f 582/815/207 562/779/207 583/780/207
f 580/816/207 581/806/207 565/794/207
f 579/817/207 578/811/207 569/799/207
f 569/799/207 565/794/207 575/809/207 579/817/207
f 562/795/212 565/796/212 573/797/212 570/798/212
f 582/815/207 580/816/207 565/794/207 562/779/207
f 577/814/207 566/813/207 569/799/207 576/810/207
s 1
f 575/818/210 574/819/216 586/820/216 587/821/210
f 578/822/217 579/823/218 591/824/218 590/825/217
f 580/826/209 582/827/219 594/828/219 592/829/209
f 585/830/208 584/831/220 596/832/220 597/833/208
f 579/834/218 575/818/210 587/821/210 591/835/218
f 576/829/212 578/822/217 590/825/217 588/826/212
f 574/836/216 581/837/221 593/838/221 586/839/216
f 583/820/222 585/830/208 597/833/208 595/819/222
f 577/828/223 576/829/212 588/826/212 589/827/223
f 581/837/221 580/826/209 592/829/209 593/838/221
f 582/840/219 583/820/222 595/819/222 594/841/219
f 584/831/220 577/842/223 589/843/223 596/832/220
f 600/844/224 608/845/224 607/846/210 598/847/210
f 605/846/209 609/847/209 608/844/224 600/845/224
f 610/848/225 609/847/209 605/846/209 604/849/225
f 601/850/208 611/851/208 610/852/225 604/853/225
f 603/849/226 612/848/226 611/851/208 601/850/208
f 602/847/212 613/850/212 612/849/226 603/848/226
f 599/844/227 606/845/227 613/850/212 602/847/212
s 0
f 611/854/207 612/855/207 613/856/207 606/857/207 607/858/207 608/859/207 609/860/207 610/861/207
s 1
f 598/847/210 607/846/210 606/849/227 599/848/227
s 0
f 622/862/207 592/863/207 625/864/207
f 588/865/207 617/866/207 616/867/207
f 620/868/207 617/866/207 588/865/207
s 1
f 617/847/212 530/846/212 535/849/226 616/848/226
f 616/849/226 535/848/226 540/851/208 618/850/208
f 618/850/208 540/851/208 544/852/225 615/853/225
f 544/848/225 550/847/209 614/869/209 615/849/225
f 614/869/209 550/847/209 553/844/224 619/845/224
f 619/852/224 553/853/224 557/850/210 621/851/210
f 621/851/210 557/850/210 559/849/227 620/848/227
f 620/852/227 559/853/227 530/846/212 617/847/212
s 0
f 540/870/207 535/855/207 530/856/207 559/857/207 557/858/207 553/871/207 550/860/207 544/861/207
s 1
f 626/847/212 531/846/212 534/849/226 629/848/226
f 534/848/226 536/851/208 628/850/208 629/849/226
f 536/851/208 539/852/225 627/853/225 628/850/208
f 627/849/225 539/848/225 543/851/209 625/850/209
f 625/850/209 543/851/209 545/852/224 622/853/224
f 545/845/224 548/846/210 624/847/210 622/844/224
f 548/846/210 551/849/227 623/848/227 624/847/210
f 623/844/227 551/845/227 531/846/212 626/847/212
s 0
f 545/856/207 543/857/207 539/872/207 536/871/207 534/860/207 531/861/207 551/870/207 548/873/207
f 594/874/207 628/875/207 627/876/207
f 624/877/207 593/878/207 592/863/207 622/862/207
f 592/863/207 594/874/207 627/876/207 625/864/207
f 589/879/207 588/865/207 616/867/207 618/880/207
f 621/881/207 620/868/207 588/865/207 590/882/207
f 604/883/207 605/884/207 626/885/207 629/886/207
f 600/887/207 623/888/207 626/885/207 605/884/207
f 603/889/207 615/890/207 614/891/207 602/892/207
f 599/893/207 602/892/207 614/891/207 619/894/207
f 595/895/207 597/896/207 604/883/207 629/886/207
f 596/897/207 615/890/207 603/889/207 597/896/207
f 601/898/207 604/883/207 597/896/207 603/889/207
f 589/879/207 618/880/207 615/890/207 596/897/207
f 595/895/207 629/886/207 628/875/207 594/874/207
f 586/899/207 623/888/207 600/887/207 587/900/207
f 591/901/207 587/900/207 599/893/207 619/894/207
f 591/901/207 619/894/207 621/881/207 590/882/207
f 593/878/207 624/877/207 623/888/207 586/899/207
f 598/902/207 599/893/207 587/900/207 600/887/207
o Double_socket_1
v 9.000334 -0.068333 5.970037
v 9.000334 -0.068333 6.016704
v 9.000000 -0.148334 6.080000
v 9.000334 -0.073021 6.018645
v 9.000334 -0.073021 5.971979
v 9.000334 -0.074963 6.023334
v 9.000000 -0.148334 5.920000
v 9.000334 -0.073021 6.028021
v 9.000334 -0.074963 5.976666
v 9.017667 -0.129185 5.939148
v 9.017667 -0.127762 5.940571
v 9.000334 -0.068333 6.029963
v 9.000334 -0.073021 5.981355
v 9.000334 -0.063645 6.028021
v 9.017667 -0.008905 5.940571
v 9.017667 -0.007482 5.939148
v 9.000334 -0.061704 6.023334
v 9.013333 0.000000 5.920000
v 9.000334 -0.068333 5.983296
v 9.000334 -0.063645 6.018645
v 9.013333 -0.148334 5.920000
v 9.000334 -0.063645 5.981355
v 9.013333 -0.148334 6.080000
v 9.013333 0.000000 6.080000
v 9.018333 0.000000 5.930000
v 9.000334 -0.061704 5.976666
v 9.018333 -0.138333 5.930000
v 9.000334 -0.063645 5.971979
v 9.018333 -0.138333 6.070000
v 9.018333 0.000000 6.070000
v 9.018333 -0.127762 6.059429
v 9.018333 -0.129185 6.060852
v 9.018333 -0.007482 6.060852
v 9.018333 -0.008905 6.059429
v 9.018333 -0.127762 5.940571
v 9.018333 -0.129185 5.939148
v 9.018333 -0.007482 5.939148
v 9.018333 -0.008905 5.940571
v 9.017667 -0.127762 6.059429
v 9.017667 -0.129185 6.060852
v 9.017667 -0.007482 6.060852
v 9.017667 -0.008905 6.059429
v 9.018333 -0.029534 6.022401
v 9.018333 -0.023531 6.000000
v 9.018333 -0.068333 5.955198
v 9.018333 -0.090735 5.961200
v 9.018333 -0.045932 5.961200
v 9.018333 -0.029534 5.977599
v 9.018333 -0.068333 6.044802
v 9.018333 -0.045932 6.038800
v 9.018333 -0.090735 6.038800
v 9.018333 -0.107133 6.022401
v 9.018333 -0.107133 5.977599
v 9.018333 -0.113136 6.000000
v 9.005000 -0.029534 6.022401
v 9.005000 -0.023531 6.000000
v 9.005000 -0.068333 5.955198
v 9.005000 -0.090735 5.961200
v 9.005000 -0.045932 5.961200
v 9.005000 -0.029534 5.977599
v 9.005000 -0.068333 6.044802
v 9.005000 -0.045932 6.038800
v 9.005000 -0.090735 6.038800
v 9.005000 -0.107133 6.022401
v 9.005000 -0.107133 5.977599
v 9.005000 -0.113136 6.000000
v 9.005000 -0.068333 5.994900
v 9.005000 -0.071940 5.996394
v 9.005000 -0.073433 6.000000
v 9.005000 -0.071940 6.003606
v 9.005000 -0.068333 6.005100
v 9.005000 -0.064727 6.003606
v 9.005000 -0.063233 6.000000
v 9.005000 -0.064727 5.996394
v 9.011766 -0.068333 5.996704
v 9.010100 -0.068333 5.994900
v 9.011766 -0.070664 5.997669
v 9.010100 -0.071940 5.996394
v 9.011766 -0.071629 6.000000
v 9.010100 -0.073433 6.000000
v 9.011766 -0.070664 6.002331
v 9.010100 -0.071940 6.003606
v 9.011766 -0.068333 6.003296
v 9.010100 -0.068333 6.005100
v 9.011766 -0.066003 6.002331
v 9.010100 -0.064727 6.003606
v 9.011766 -0.065037 6.000000
v 9.010100 -0.063233 6.000000
v 9.011766 -0.066003 5.997669
v 9.010100 -0.064727 5.996394
v 9.005000 -0.068333 5.983296
v 9.005000 -0.073021 5.981355
v 9.005000 -0.073021 5.971979
v 9.005000 -0.068333 5.970037
v 9.005000 -0.074963 5.976666
v 9.005000 -0.063645 5.981355
v 9.005000 -0.063645 5.971979
v 9.005000 -0.061704 5.976666
v 9.005000 -0.063645 6.028021
v 9.005000 -0.068333 6.016704
v 9.005000 -0.063645 6.018645
v 9.005000 -0.061704 6.023334
v 9.005000 -0.068333 6.029963
v 9.005000 -0.073021 6.028021
v 9.005000 -0.074963 6.023334
v 9.005000 -0.073021 6.018645
v 9.000334 0.068333 5.970037
v 9.000334 0.068333 6.016704
v 9.000000 0.000000 6.080000
v 9.000000 0.148334 6.080000
v 9.000334 0.063645 6.018645
v 9.000334 0.063645 5.971979
v 9.000334 0.061704 6.023334
v 9.000000 0.000000 5.920000
v 9.000000 0.148334 5.920000
v 9.000334 0.063645 6.028021
v 9.000334 0.061704 5.976666
v 9.017667 0.007482 5.939148
v 9.017667 0.008905 5.940571
v 9.000334 0.068333 6.029963
v 9.000334 0.063645 5.981355
v 9.000334 0.073021 6.028021
v 9.017667 0.127762 5.940571
v 9.017667 0.129185 5.939148
v 9.000334 0.074963 6.023334
v 9.013333 0.148334 5.920000
v 9.000334 0.068333 5.983296
v 9.000334 0.073021 6.018645
v 9.000334 0.073021 5.981355
v 9.013333 0.148334 6.080000
v 9.018333 0.138334 5.930000
v 9.000334 0.074963 5.976666
v 9.000334 0.073021 5.971979
v 9.018333 0.138334 6.070000
v 9.018333 0.008905 6.059429
v 9.018333 0.007482 6.060852
v 9.018333 0.129185 6.060852
v 9.018333 0.127762 6.059429
v 9.018333 0.008905 5.940571
v 9.018333 0.007482 5.939148
v 9.018333 0.129185 5.939148
v 9.018333 0.127762 5.940571
v 9.017667 0.008905 6.059429
v 9.017667 0.007482 6.060852
v 9.017667 0.129185 6.060852
v 9.017667 0.127762 6.059429
v 9.018333 0.107133 6.022401
v 9.018333 0.113136 6.000000
v 9.018333 0.068333 5.955198
v 9.018333 0.045932 5.961200
v 9.018333 0.090735 5.961200
v 9.018333 0.107133 5.977599
v 9.018333 0.068333 6.044802
v 9.018333 0.090735 6.038800
v 9.018333 0.045932 6.038800
v 9.018333 0.029534 6.022401
v 9.018333 0.029534 5.977599
v 9.018333 0.023531 6.000000
v 9.005000 0.107133 6.022401
v 9.005000 0.113136 6.000000
v 9.005000 0.068333 5.955198
v 9.005000 0.045932 5.961200
v 9.005000 0.090735 5.961200
v 9.005000 0.107133 5.977599
v 9.005000 0.068333 6.044802
v 9.005000 0.090735 6.038800
v 9.005000 0.045932 6.038800
v 9.005000 0.029534 6.022401
v 9.005000 0.029534 5.977599
v 9.005000 0.023531 6.000000
v 9.005000 0.068333 5.994900
v 9.005000 0.064727 5.996394
v 9.005000 0.063234 6.000000
v 9.005000 0.064727 6.003606
v 9.005000 0.068333 6.005100
v 9.005000 0.071940 6.003606
v 9.005000 0.073433 6.000000
v 9.005000 0.071940 5.996394
v 9.011766 0.068333 5.996704
v 9.010100 0.068333 5.994900
v 9.011766 0.066003 5.997669
v 9.010100 0.064727 5.996394
v 9.011766 0.065038 6.000000
v 9.010100 0.063234 6.000000
v 9.011766 0.066003 6.002331
v 9.010100 0.064727 6.003606
v 9.011766 0.068333 6.003296
v 9.010100 0.068333 6.005100
v 9.011766 0.070664 6.002331
v 9.010100 0.071940 6.003606
v 9.011766 0.071629 6.000000
v 9.010100 0.073433 6.000000
v 9.011766 0.070664 5.997669
v 9.010100 0.071940 5.996394
v 9.005000 0.068333 5.983296
v 9.005000 0.063645 5.981355
v 9.005000 0.063645 5.971979
v 9.005000 0.068333 5.970037
v 9.005000 0.061704 5.976666
v 9.005000 0.073021 5.981355
v 9.005000 0.073021 5.971979
v 9.005000 0.074963 5.976666
v 9.005000 0.073021 6.028021
v 9.005000 0.073021 6.018645
v 9.005000 0.074963 6.023334
v 9.005000 0.068333 6.029963
v 9.005000 0.068333 6.016704
v 9.005000 0.063645 6.028021
v 9.005000 0.061704 6.023334
v 9.005000 0.063645 6.018645
vn 1.0000 -0.0000 -0.0000
vn -0.0000 -0.0000 -1.0000
vn -0.0000 -1.0000 -0.0000
vn -0.0000 -0.0000 1.0000
vn 0.8944 -0.0000 -0.4472
vn 0.8944 -0.4472 -0.0000
vn 0.8944 -0.0000 0.4472
vn 0.0001 1.0000 -0.0000
vn -0.0000 1.0000 -0.0000
vn -0.0000 -0.8660 -0.5000
vn -0.0000 -0.5000 0.8660
vn -0.0000 -0.8660 0.5000
vn -0.0000 0.5000 -0.8660
vn -0.0000 0.8660 0.5000
vn -0.0000 -0.5000 -0.8660
vn -0.0000 0.8660 -0.5000
vn -0.0000 0.5000 0.8660
vn 0.3688 -0.6572 -0.6572
vn 0.8991 -0.3095 -0.3095
vn 0.8991 -0.4377 -0.0000
vn 0.3688 -0.9295 -0.0000
vn 0.8991 -0.3095 0.3095
vn 0.3688 -0.6572 0.6572
vn 0.8991 -0.0000 0.4377
vn 0.3688 -0.0000 0.9295
vn 0.8991 0.3095 0.3095
vn 0.3688 0.6572 0.6572
vn 0.8991 0.4377 -0.0000
vn 0.3688 0.9295 -0.0000
vn 0.8991 0.3095 -0.3095
vn 0.3688 0.6572 -0.6572
vn 0.8991 -0.0000 -0.4377
vn 0.3688 -0.0000 -0.9295
vn -0.0000 -0.7071 -0.7071
vn -0.0000 0.7071 -0.7071
vn -0.0000 -0.7071 0.7071
vn -0.0000 0.7071 0.7071
vn -0.0000 0.3827 0.9239
vn -0.0000 0.9239 0.3827
vn -0.0000 0.9239 -0.3827
vn -0.0000 0.3827 -0.9239
vn -0.0000 -0.3827 -0.9239
vn -0.0000 -0.9239 -0.3827
vn -0.0000 -0.9239 0.3827
vn -0.0000 -0.3827 0.9239
vn 0.8944 0.4472 -0.0000
vt 0.778680 0.320964
vt 0.845585 0.320964
vt 0.850614 0.325993
vt 0.773651 0.325993
vt 0.778680 0.254059
vt 0.773651 0.249946
vt 0.778680 0.179071
vt 0.845585 0.179071
vt 0.844803 0.180728
vt 0.779462 0.180728
vt 0.833462 0.223855
vt 0.844803 0.180728
vt 0.836762 0.249946
vt 0.808468 0.331490
vt 0.808468 0.249946
vt 0.815798 0.249946
vt 0.815798 0.331490
vt 0.815798 0.293925
vt 0.808468 0.293925
vt 0.808468 0.205967
vt 0.815798 0.205967
vt 0.808468 0.331490
vt 0.808468 0.249946
vt 0.768154 0.331490
vt 0.768154 0.249946
vt 0.856111 0.331490
vt 0.778680 0.320821
vt 0.779462 0.319164
vt 0.811949 0.282616
vt 0.811949 0.217276
vt 0.812316 0.217276
vt 0.812316 0.282616
vt 0.850614 0.249946
vt 0.856111 0.249946
vt 0.844803 0.319164
vt 0.845585 0.320821
vt 0.812316 0.216494
vt 0.812316 0.283398
vt 0.811949 0.283398
vt 0.811949 0.216494
vt 0.790803 0.223855
vt 0.779462 0.180728
vt 0.799818 0.204755
vt 0.812316 0.216494
vt 0.811949 0.216494
vt 0.845585 0.254059
vt 0.812316 0.283398
vt 0.787503 0.249946
vt 0.812133 0.302128
vt 0.779462 0.319164
vt 0.799818 0.295137
vt 0.833462 0.276037
vt 0.824447 0.295137
vt 0.824447 0.204755
vt 0.812133 0.197764
vt 0.790803 0.276037
vt 0.808468 0.249946
vt 0.808468 0.237631
vt 0.815798 0.237631
vt 0.815798 0.249946
vt 0.808468 0.242139
vt 0.808468 0.233124
vt 0.815798 0.233124
vt 0.815798 0.242139
vt 0.815798 0.254453
vt 0.815798 0.266768
vt 0.808468 0.266768
vt 0.808468 0.254453
vt 0.815798 0.262261
vt 0.808468 0.262261
vt 0.815798 0.228616
vt 0.808468 0.228616
vt 0.815798 0.271276
vt 0.808468 0.271276
vt 0.809542 0.248873
vt 0.810459 0.249253
vt 0.810459 0.250639
vt 0.809542 0.251019
vt 0.811439 0.251620
vt 0.811060 0.252536
vt 0.812826 0.251620
vt 0.813205 0.252536
vt 0.813807 0.250639
vt 0.814723 0.251019
vt 0.813807 0.249253
vt 0.814723 0.248873
vt 0.812826 0.248272
vt 0.813205 0.247356
vt 0.811439 0.248272
vt 0.811060 0.247356
vt 0.810731 0.249946
vt 0.813534 0.249946
vt 0.813534 0.251928
vt 0.810731 0.251928
vt 0.810731 0.247964
vt 0.813534 0.247964
vt 0.813534 0.251928
vt 0.810731 0.251928
vt 0.810731 0.247964
vt 0.813534 0.247964
vt 0.813534 0.251928
vt 0.810731 0.251928
vt 0.810731 0.249946
vt 0.813534 0.249946
vt 0.810731 0.247964
vt 0.813534 0.247964
vt 0.818609 0.264158
vt 0.818507 0.273736
vt 0.816396 0.265857
vt 0.835923 0.256321
vt 0.829548 0.267362
vt 0.814561 0.251348
vt 0.814841 0.249220
vt 0.810731 0.252374
vt 0.812858 0.252654
vt 0.814509 0.258816
vt 0.812296 0.260514
vt 0.835923 0.243571
vt 0.813534 0.247518
vt 0.809425 0.250672
vt 0.805758 0.273736
vt 0.794717 0.267362
vt 0.829548 0.232530
vt 0.811407 0.247238
vt 0.809705 0.248544
vt 0.788342 0.256321
vt 0.788342 0.243571
vt 0.794717 0.232530
vt 0.818507 0.226156
vt 0.805758 0.226156
vt 0.807869 0.234035
vt 0.805656 0.235734
vt 0.810635 0.234399
vt 0.810850 0.249946
vt 0.813415 0.249946
vt 0.813415 0.252523
vt 0.810850 0.252523
vt 0.810850 0.249946
vt 0.813415 0.249946
vt 0.810850 0.247369
vt 0.813415 0.247369
vt 0.810850 0.247369
vt 0.813415 0.247369
vt 0.808765 0.251341
vt 0.808765 0.248551
vt 0.810738 0.246579
vt 0.813527 0.246579
vt 0.815500 0.248551
vt 0.815500 0.251341
vt 0.813527 0.253313
vt 0.810738 0.253313
vt 0.813415 0.249946
vt 0.810850 0.249946
vt 0.811932 0.263279
vt 0.813630 0.265492
vt 0.817275 0.259180
vt 0.818973 0.261393
vt 0.809756 0.241076
vt 0.806990 0.240712
vt 0.805292 0.238499
vt 0.812333 0.236613
vt 0.811969 0.239378
vt 0.778680 0.245833
vt 0.845585 0.245833
vt 0.778680 0.178928
vt 0.773651 0.173899
vt 0.824447 0.295137
vt 0.808468 0.293925
vt 0.808468 0.205967
vt 0.808468 0.168402
vt 0.815798 0.168402
vt 0.850614 0.173899
vt 0.768154 0.168402
vt 0.856111 0.168402
vt 0.808468 0.168402
vt 0.779462 0.319164
vt 0.844803 0.180728
vt 0.845585 0.178928
vt 0.811949 0.216494
vt 0.812316 0.216494
vt 0.787503 0.249946
vt 0.779462 0.180728
vt 0.790803 0.223855
vt 0.799818 0.295137
vt 0.790803 0.276037
vt 0.833462 0.276037
vt 0.811949 0.217276
vt 0.812316 0.217276
vt 0.808468 0.242139
vt 0.808468 0.233124
vt 0.808468 0.254453
vt 0.813205 0.252536
vt 0.813807 0.250639
vt 0.814723 0.251019
vt 0.814723 0.248873
vt 0.813205 0.247356
vt 0.811060 0.247356
vt 0.809542 0.248873
vt 0.810459 0.250639
vt 0.809542 0.251019
vt 0.811060 0.252536
vt 0.810731 0.249946
vt 0.813534 0.249946
vt 0.810731 0.251928
vt 0.810731 0.247964
vt 0.813534 0.247964
vt 0.813534 0.251928
vt 0.816396 0.265857
vt 0.814841 0.249220
vt 0.812858 0.252654
vt 0.814509 0.258816
vt 0.835923 0.243571
vt 0.809425 0.250672
vt 0.794717 0.267362
vt 0.829548 0.232530
vt 0.788342 0.256321
vt 0.788342 0.243571
vt 0.794717 0.232530
vt 0.805758 0.226156
vt 0.807869 0.234035
vt 0.810635 0.234399
vt 0.815500 0.251341
vt 0.808765 0.251341
vt 0.808765 0.248551
vt 0.815500 0.248551
vt 0.818973 0.261393
vt 0.809756 0.241076
vt 0.805292 0.238499
vt 0.812333 0.236613
s 0
usemtl Backrooms
f 665/903/228 661/904/228 658/905/228 656/906/228
f 666/907/228 665/903/228 656/906/228 654/908/228
f 670/909/228 669/910/228 668/911/228 671/912/228
f 681/913/228 660/914/228 683/915/228
f 636/916/229 743/917/229 647/918/229 650/919/229
f 636/920/230 650/921/230 652/922/230 632/923/230
f 652/924/231 653/925/231 738/918/231 632/919/231
f 654/908/232 656/906/232 650/926/232 647/927/232
f 656/906/233 658/905/233 652/928/233 650/926/233
f 645/929/228 670/909/228 671/912/228 644/930/228
f 664/931/230 660/932/230 668/933/230 640/934/230
f 658/905/234 659/935/234 653/936/234 652/928/234
f 644/930/228 640/937/228 639/938/228 645/929/228
f 667/933/229 664/934/229 640/931/229 644/932/229
f 669/910/228 639/938/228 640/937/228 668/911/228
f 661/939/235 665/940/235 639/941/235 669/942/235
f 672/943/228 663/944/228 679/945/228
f 662/946/229 661/940/229 669/941/229 670/947/229
f 662/948/228 666/907/228 654/908/228 659/935/228
f 665/941/231 666/947/231 645/946/231 639/949/231
f 661/904/228 662/948/228 659/935/228 658/905/228
f 663/933/236 667/934/236 644/931/236 671/932/236
f 666/941/230 662/942/230 670/939/230 645/940/230
f 663/944/228 672/943/228 673/950/228
f 674/951/228 667/952/228 676/953/228
f 682/954/228 664/937/228 675/955/228
f 660/914/228 664/937/228 682/954/228 683/915/228
f 680/956/228 660/914/228 681/913/228
f 678/957/228 679/945/228 663/944/228
f 677/958/228 676/953/228 667/952/228
f 667/952/228 663/944/228 673/950/228 677/958/228
f 660/931/231 663/932/231 671/933/231 668/934/231
f 680/956/228 678/957/228 663/944/228 660/914/228
f 675/955/228 664/937/228 667/952/228 674/951/228
s 1
f 673/959/230 672/960/237 684/961/237 685/962/230
f 676/963/238 677/964/239 689/965/239 688/966/238
f 678/967/229 680/968/240 692/969/240 690/970/229
f 683/918/236 682/971/241 694/972/241 695/917/236
f 677/972/239 673/959/230 685/962/230 689/971/239
f 674/970/231 676/963/238 688/966/238 686/967/231
f 672/965/237 679/966/242 691/963/242 684/964/237
f 681/961/243 683/918/236 695/917/236 693/960/243
f 675/969/244 674/970/231 686/967/231 687/968/244
f 679/966/242 678/967/229 690/970/229 691/963/242
f 680/973/240 681/961/243 693/960/243 692/974/240
f 682/971/241 675/975/244 687/976/244 694/972/241
f 707/977/245 706/978/246 708/979/247 709/980/248
f 709/980/248 708/979/247 710/981/249 711/982/250
f 711/982/250 710/981/249 712/983/251 713/984/252
f 713/984/252 712/983/251 714/985/253 715/986/254
f 715/986/254 714/985/253 716/987/255 717/988/256
f 717/988/256 716/987/255 718/989/257 719/990/258
f 719/990/258 718/989/257 704/991/259 705/992/260
f 714/985/253 712/983/251 710/981/249 708/979/247 706/978/246 704/991/259 718/989/257 716/987/255
f 696/993/229 705/994/260 707/995/245 697/996/261
f 703/997/262 719/998/258 705/994/260 696/993/229
f 697/999/261 707/1000/245 709/993/248 698/994/230
f 698/994/230 709/993/248 711/1001/250 699/1002/263
f 699/1003/263 711/1004/250 713/1005/252 700/1006/231
f 700/1006/231 713/1005/252 715/1007/254 701/1008/264
f 701/1001/264 715/1002/254 717/994/256 702/993/236
f 702/993/236 717/994/256 719/999/258 703/1000/262
f 705/992/260 704/991/259 706/978/246 707/977/245
s 0
f 728/1009/228 690/1010/228 732/1011/228
f 684/1012/228 691/1013/228 701/1014/228 702/1015/228
f 699/1016/228 700/1017/228 729/1018/228 735/1019/228
f 685/1020/228 684/1012/228 702/1015/228 703/1021/228
f 698/1022/228 699/1016/228 692/1023/228 693/1024/228
f 689/1025/228 685/1020/228 703/1021/228 696/1026/228
f 697/1027/228 698/1022/228 693/1024/228 695/1028/228
f 696/1026/228 697/1027/228 695/1028/228 694/1029/228
f 696/1026/228 694/1029/228 687/1030/228
f 689/1025/228 696/1026/228 688/1031/228
f 686/1032/228 723/1033/228 722/1034/228
f 726/1035/228 723/1033/228 686/1032/228
f 723/1036/265 630/1037/265 634/1038/265 722/1039/265
f 722/1038/266 634/1039/266 638/1040/266 724/1041/266
f 724/1041/267 638/1040/267 642/1042/267 721/1043/267
f 642/1039/268 648/1036/268 720/1041/268 721/1038/268
f 720/1041/269 648/1036/269 651/1042/269 725/1043/269
f 725/1044/270 651/1045/270 655/1037/270 727/1036/270
f 727/1036/271 655/1037/271 657/1038/271 726/1039/271
f 726/1044/272 657/1045/272 630/1037/272 723/1036/272
f 638/1046/228 634/1047/228 630/1048/228 657/1049/228 655/1050/228 651/1051/228 648/1052/228 642/1053/228
f 729/1036/265 631/1054/265 633/1038/265 735/1039/265
f 633/1039/266 635/1036/266 734/1037/266 735/1038/266
f 635/1036/267 637/1044/267 733/1045/267 734/1037/267
f 733/1038/268 637/1039/268 641/1055/268 732/1037/268
f 732/1037/269 641/1055/269 643/1044/269 728/1045/269
f 643/1045/270 646/1037/270 731/1036/270 728/1044/270
f 646/1037/271 649/1038/271 730/1039/271 731/1036/271
f 730/1044/272 649/1045/272 631/1054/272 729/1036/272
f 643/1048/228 641/1049/228 637/1050/228 635/1051/228 633/1052/228 631/1053/228 649/1046/228 646/1047/228
f 692/1023/228 734/1056/228 733/1057/228
f 692/1023/228 699/1016/228 735/1019/228 734/1056/228
f 729/1018/228 700/1017/228 701/1014/228 730/1058/228
f 730/1058/228 701/1014/228 691/1013/228 731/1059/228
f 731/1059/228 691/1013/228 690/1010/228 728/1009/228
f 690/1010/228 692/1023/228 733/1057/228 732/1011/228
f 720/1060/228 696/1026/228 721/1061/228
f 696/1026/228 687/1030/228 724/1062/228 721/1061/228
f 687/1030/228 686/1032/228 722/1034/228 724/1062/228
f 727/1063/228 726/1035/228 686/1032/228 688/1031/228
f 725/1064/228 727/1063/228 688/1031/228 696/1026/228
f 720/1060/228 725/1064/228 696/1026/228
f 769/1065/228 765/1066/228 659/935/228 654/908/228
f 770/1067/228 769/1065/228 654/908/228 760/1068/228
f 774/909/228 773/910/228 772/911/228 775/912/228
f 785/1069/228 764/937/228 787/951/228
f 755/920/236 744/1070/236 739/1071/236 759/923/236
f 743/917/229 744/1072/229 755/1073/229 647/918/229
f 763/1074/273 760/1068/273 755/1075/273 759/1076/273
f 653/925/231 759/1077/231 739/1073/231 738/918/231
f 760/1068/232 654/908/232 647/927/232 755/1075/232
f 753/929/228 774/909/228 775/912/228 752/1078/228
f 768/931/230 764/932/230 772/933/230 748/934/230
f 659/935/234 763/1074/234 759/1076/234 653/936/234
f 752/1078/228 748/937/228 747/938/228 753/929/228
f 771/933/229 768/934/229 748/931/229 752/932/229
f 773/910/228 747/938/228 748/937/228 772/911/228
f 765/939/236 769/940/236 747/941/236 773/942/236
f 776/956/228 767/1079/228 783/913/228
f 766/939/229 765/940/229 773/941/229 774/942/229
f 766/1080/228 770/1067/228 760/1068/228 763/1074/228
f 769/941/231 770/1081/231 753/1082/231 747/940/231
f 765/1066/228 766/1080/228 763/1074/228 659/935/228
f 767/933/236 771/934/236 752/931/236 775/932/236
f 770/941/230 766/942/230 774/939/230 753/940/230
f 767/1079/228 776/956/228 777/957/228
f 778/1083/228 771/1084/228 780/1085/228
f 786/1086/228 768/930/228 779/1087/228
f 764/937/228 768/930/228 786/1086/228 787/951/228
f 784/1088/228 764/937/228 785/1069/228
f 782/915/228 783/913/228 767/1079/228
f 781/945/228 780/1085/228 771/1084/228
f 771/1084/228 767/1079/228 777/957/228 781/945/228
f 764/931/231 767/1089/231 775/1090/231 772/934/231
f 784/1088/228 782/915/228 767/1079/228 764/937/228
f 779/1087/228 768/930/228 771/1084/228 778/1083/228
s 1
f 777/959/230 776/960/237 788/961/237 789/962/230
f 780/1091/238 781/1092/239 793/965/239 792/966/238
f 782/967/229 784/968/240 796/969/240 794/970/229
f 787/918/236 786/971/241 798/972/241 799/917/236
f 781/972/239 777/959/230 789/962/230 793/971/239
f 778/1093/231 780/1091/238 792/966/238 790/967/231
f 776/965/237 783/966/242 795/963/242 788/964/237
f 785/961/243 787/918/236 799/917/236 797/960/243
f 779/969/244 778/1093/231 790/967/231 791/968/244
f 783/966/242 782/967/229 794/970/229 795/963/242
f 784/973/240 785/961/243 797/960/243 796/974/240
f 786/971/241 779/975/244 791/976/244 798/972/241
f 811/1094/245 810/983/246 812/1095/247 813/1096/248
f 813/1096/248 812/1095/247 814/987/249 815/1097/250
f 815/1097/250 814/987/249 816/989/251 817/1098/252
f 817/1098/252 816/989/251 818/991/253 819/1099/254
f 819/1099/254 818/991/253 820/978/255 821/1100/256
f 821/1100/256 820/978/255 822/1101/257 823/1102/258
f 823/1102/258 822/1101/257 808/981/259 809/1103/260
f 818/991/253 816/989/251 814/987/249 812/1095/247 810/983/246 808/981/259 822/1101/257 820/978/255
f 800/1104/229 809/1105/260 811/999/245 801/1106/261
f 807/1107/262 823/1002/258 809/1105/260 800/1104/229
f 801/999/261 811/1000/245 813/993/248 802/994/230
f 802/994/230 813/993/248 815/1001/250 803/1002/263
f 803/999/263 815/1106/250 817/1104/252 804/1105/231
f 804/1105/231 817/1104/252 819/1107/254 805/1002/264
f 805/1107/264 819/1108/254 821/1006/256 806/1005/236
f 806/1005/236 821/1006/256 823/1109/258 807/1106/262
f 809/1103/260 808/981/259 810/983/246 811/1094/245
s 0
f 832/1009/228 794/1010/228 835/1110/228
f 788/1012/228 795/1013/228 805/1014/228 806/1111/228
f 803/1016/228 804/1112/228 836/1113/228 839/1019/228
f 789/1114/228 788/1012/228 806/1111/228 807/1021/228
f 802/1115/228 803/1016/228 796/1023/228 797/1116/228
f 793/1117/228 789/1114/228 807/1021/228 800/1026/228
f 801/1027/228 802/1115/228 797/1116/228 799/1118/228
f 800/1026/228 801/1027/228 799/1118/228 798/1119/228
f 800/1026/228 798/1119/228 791/1120/228
f 793/1117/228 800/1026/228 792/1031/228
f 790/1121/228 827/1122/228 826/1034/228
f 830/1123/228 827/1122/228 790/1121/228
f 827/1040/265 736/1041/265 741/1038/265 826/1039/265
f 826/1038/266 741/1039/266 746/1040/266 828/1041/266
f 828/1041/267 746/1040/267 750/1042/267 825/1043/267
f 750/1039/268 756/1040/268 824/1041/268 825/1038/268
f 824/1041/269 756/1040/269 758/1042/269 829/1043/269
f 829/1044/270 758/1045/270 761/1037/270 831/1036/270
f 831/1036/271 761/1037/271 762/1038/271 830/1039/271
f 830/1042/272 762/1043/272 736/1041/272 827/1040/272
f 746/1124/228 741/1052/228 736/1053/228 762/1125/228 761/1047/228 758/1048/228 756/1049/228 750/1050/228
f 836/1036/265 737/1037/265 740/1038/265 839/1039/265
f 740/1039/266 742/1036/266 838/1037/266 839/1038/266
f 742/1036/267 745/1044/267 837/1045/267 838/1037/267
f 837/1038/268 745/1039/268 749/1036/268 835/1037/268
f 835/1037/269 749/1036/269 751/1044/269 832/1045/269
f 751/1045/270 754/1037/270 834/1036/270 832/1044/270
f 754/1037/271 757/1038/271 833/1039/271 834/1036/271
f 833/1044/272 757/1045/272 737/1037/272 836/1036/272
f 751/1124/228 749/1052/228 745/1053/228 742/1125/228 740/1126/228 737/1048/228 757/1049/228 754/1127/228
f 796/1023/228 838/1056/228 837/1057/228
f 796/1023/228 803/1016/228 839/1019/228 838/1056/228
f 836/1113/228 804/1112/228 805/1014/228 833/1058/228
f 833/1058/228 805/1014/228 795/1013/228 834/1128/228
f 834/1128/228 795/1013/228 794/1010/228 832/1009/228
f 794/1010/228 796/1023/228 837/1057/228 835/1110/228
f 824/1129/228 800/1026/228 825/1061/228
f 800/1026/228 791/1120/228 828/1130/228 825/1061/228
f 791/1120/228 790/1121/228 826/1034/228 828/1130/228
f 831/1131/228 830/1123/228 790/1121/228 792/1031/228
f 829/1064/228 831/1131/228 792/1031/228 800/1026/228
f 824/1129/228 829/1064/228 800/1026/228
o Double_Socket_2
v 9.000334 -0.068333 5.720037
v 9.000334 -0.087893 5.742300
v 9.000334 -0.068333 5.766704
v 9.000334 -0.098840 5.750000
v 9.000000 -0.148334 5.830000
v 9.000334 -0.087893 5.750000
v 9.000000 0.000000 5.830000
v 9.000334 -0.073021 5.768645
v 9.000334 -0.073021 5.721979
v 9.000334 -0.092104 5.742300
v 9.000334 -0.074963 5.773334
v 9.000334 -0.096867 5.744273
v 9.000000 -0.148334 5.670000
v 9.000000 0.000000 5.670000
v 9.000334 -0.073021 5.778021
v 9.000334 -0.087893 5.757700
v 9.000334 -0.074963 5.726666
v 9.017667 -0.129185 5.689148
v 9.000334 -0.092104 5.757700
v 9.017667 -0.127762 5.690571
v 9.000334 -0.068333 5.779963
v 9.000334 -0.096867 5.755727
v 9.000334 -0.073021 5.731355
v 9.000334 -0.063645 5.778021
v 9.017667 -0.008905 5.690571
v 9.017667 -0.007482 5.689148
v 9.000334 -0.061704 5.773334
v 9.013333 0.000000 5.670000
v 9.000334 -0.068333 5.733296
v 9.000334 -0.063645 5.768645
v 9.013333 -0.148334 5.670000
v 9.000334 -0.063645 5.731355
v 9.013333 -0.148334 5.830000
v 9.013333 0.000000 5.830000
v 9.018333 0.000000 5.680000
v 9.000334 -0.061704 5.726666
v 9.018333 -0.138334 5.680000
v 9.000334 -0.063645 5.721979
v 9.018333 -0.138334 5.820000
v 9.018333 0.000000 5.820000
v 9.018333 -0.127762 5.809429
v 9.018333 -0.129185 5.810852
v 9.018333 -0.007482 5.810852
v 9.018333 -0.008905 5.809429
v 9.018333 -0.127762 5.690571
v 9.018333 -0.129185 5.689148
v 9.018333 -0.007482 5.689148
v 9.018333 -0.008905 5.690571
v 9.017667 -0.127762 5.809429
v 9.017667 -0.129185 5.810852
v 9.017667 -0.007482 5.810852
v 9.017667 -0.008905 5.809429
v 9.018333 -0.029534 5.772401
v 9.018333 -0.023531 5.750000
v 9.018333 -0.068333 5.705198
v 9.018333 -0.090734 5.711200
v 9.018333 -0.045932 5.711200
v 9.018333 -0.029534 5.727599
v 9.018333 -0.068333 5.794802
v 9.018333 -0.045932 5.788800
v 9.018333 -0.090734 5.788800
v 9.018333 -0.107133 5.772401
v 9.018333 -0.107133 5.727599
v 9.018333 -0.113136 5.750000
v 9.005000 -0.029534 5.772401
v 9.005000 -0.023531 5.750000
v 9.005000 -0.068333 5.705198
v 9.005000 -0.090734 5.711200
v 9.005000 -0.045932 5.711200
v 9.005000 -0.029534 5.727599
v 9.005000 -0.068333 5.794802
v 9.005000 -0.045932 5.788800
v 9.005000 -0.090734 5.788800
v 9.005000 -0.107133 5.772401
v 9.005000 -0.107133 5.727599
v 9.005000 -0.113136 5.750000
v 9.005000 -0.068333 5.744900
v 9.005000 -0.071940 5.746394
v 9.005000 -0.073433 5.750000
v 9.005000 -0.071940 5.753606
v 9.005000 -0.068333 5.755100
v 9.005000 -0.064727 5.753606
v 9.005000 -0.063233 5.750000
v 9.005000 -0.064727 5.746394
v 9.011766 -0.068333 5.746704
v 9.010100 -0.068333 5.744900
v 9.011766 -0.070664 5.747669
v 9.010100 -0.071940 5.746394
v 9.011766 -0.071629 5.750000
v 9.010100 -0.073433 5.750000
v 9.011766 -0.070664 5.752331
v 9.010100 -0.071940 5.753606
v 9.011766 -0.068333 5.753296
v 9.010100 -0.068333 5.755100
v 9.011766 -0.066003 5.752331
v 9.010100 -0.064727 5.753606
v 9.011766 -0.065037 5.750000
v 9.010100 -0.063233 5.750000
v 9.011766 -0.066003 5.747669
v 9.010100 -0.064727 5.746394
v 9.005000 -0.068333 5.733296
v 9.005000 -0.073021 5.731355
v 9.005000 -0.073021 5.721979
v 9.005000 -0.068333 5.720037
v 9.005000 -0.074963 5.726666
v 9.005000 -0.063645 5.731355
v 9.005000 -0.063645 5.721979
v 9.005000 -0.061704 5.726666
v 9.005000 -0.063645 5.778021
v 9.005000 -0.068333 5.766704
v 9.005000 -0.063645 5.768645
v 9.005000 -0.061704 5.773334
v 9.005000 -0.068333 5.779963
v 9.005000 -0.073021 5.778021
v 9.005000 -0.074963 5.773334
v 9.005000 -0.073021 5.768645
v 9.005000 -0.092104 5.757700
v 9.005000 -0.096867 5.755727
v 9.005000 -0.087893 5.757700
v 9.005000 -0.098840 5.750000
v 9.005000 -0.087893 5.750000
v 9.005000 -0.087893 5.742300
v 9.005000 -0.096867 5.744273
v 9.005000 -0.092104 5.742300
v 9.000334 0.068333 5.720037
v 9.000334 0.048774 5.742300
v 9.000334 0.068333 5.766704
v 9.000334 0.037827 5.750000
v 9.000334 0.048774 5.750000
v 9.000000 0.148334 5.830000
v 9.000334 0.063645 5.768645
v 9.000334 0.063645 5.721979
v 9.000334 0.044563 5.742300
v 9.000334 0.061704 5.773334
v 9.000334 0.039800 5.744273
v 9.000000 0.148334 5.670000
v 9.000334 0.063645 5.778021
v 9.000334 0.048774 5.757700
v 9.000334 0.061704 5.726666
v 9.017667 0.007482 5.689148
v 9.000334 0.044563 5.757700
v 9.017667 0.008905 5.690571
v 9.000334 0.068333 5.779963
v 9.000334 0.039800 5.755727
v 9.000334 0.063645 5.731355
v 9.000334 0.073021 5.778021
v 9.017667 0.127762 5.690571
v 9.017667 0.129185 5.689148
v 9.000334 0.074963 5.773334
v 9.013333 0.148334 5.670000
v 9.000334 0.068333 5.733296
v 9.000334 0.073021 5.768645
v 9.000334 0.073021 5.731355
v 9.013333 0.148334 5.830000
v 9.018333 0.138334 5.680000
v 9.000334 0.074963 5.726666
v 9.000334 0.073021 5.721979
v 9.018333 0.138334 5.820000
v 9.018333 0.008905 5.809429
v 9.018333 0.007482 5.810852
v 9.018333 0.129185 5.810852
v 9.018333 0.127762 5.809429
v 9.018333 0.008905 5.690571
v 9.018333 0.007482 5.689148
v 9.018333 0.129185 5.689148
v 9.018333 0.127762 5.690571
v 9.017667 0.008905 5.809429
v 9.017667 0.007482 5.810852
v 9.017667 0.129185 5.810852
v 9.017667 0.127762 5.809429
v 9.018333 0.107133 5.772401
v 9.018333 0.113136 5.750000
v 9.018333 0.068333 5.705198
v 9.018333 0.045932 5.711200
v 9.018333 0.090735 5.711200
v 9.018333 0.107133 5.727599
v 9.018333 0.068333 5.794802
v 9.018333 0.090735 5.788800
v 9.018333 0.045932 5.788800
v 9.018333 0.029534 5.772401
v 9.018333 0.029534 5.727599
v 9.018333 0.023531 5.750000
v 9.005000 0.107133 5.772401
v 9.005000 0.113136 5.750000
v 9.005000 0.068333 5.705198
v 9.005000 0.045932 5.711200
v 9.005000 0.090735 5.711200
v 9.005000 0.107133 5.727599
v 9.005000 0.068333 5.794802
v 9.005000 0.090735 5.788800
v 9.005000 0.045932 5.788800
v 9.005000 0.029534 5.772401
v 9.005000 0.029534 5.727599
v 9.005000 0.023531 5.750000
v 9.005000 0.068333 5.744900
v 9.005000 0.064727 5.746394
v 9.005000 0.063234 5.750000
v 9.005000 0.064727 5.753606
v 9.005000 0.068333 5.755100
v 9.005000 0.071940 5.753606
v 9.005000 0.073433 5.750000
v 9.005000 0.071940 5.746394
v 9.011766 0.068333 5.746704
v 9.010100 0.068333 5.744900
v 9.011766 0.066003 5.747669
v 9.010100 0.064727 5.746394
v 9.011766 0.065038 5.750000
v 9.010100 0.063234 5.750000
v 9.011766 0.066003 5.752331
v 9.010100 0.064727 5.753606
v 9.011766 0.068333 5.753296
v 9.010100 0.068333 5.755100
v 9.011766 0.070664 5.752331
v 9.010100 0.071940 5.753606
v 9.011766 0.071629 5.750000
v 9.010100 0.073433 5.750000
v 9.011766 0.070664 5.747669
v 9.010100 0.071940 5.746394
v 9.005000 0.068333 5.733296
v 9.005000 0.063645 5.731355
v 9.005000 0.063645 5.721979
v 9.005000 0.068333 5.720037
v 9.005000 0.061704 5.726666
v 9.005000 0.073021 5.731355
v 9.005000 0.073021 5.721979
v 9.005000 0.074963 5.726666
v 9.005000 0.073021 5.778021
v 9.005000 0.068333 5.779963
v 9.005000 0.073021 5.768645
v 9.005000 0.074963 5.773334
v 9.005000 0.068333 5.766704
v 9.005000 0.063645 5.778021
v 9.005000 0.061704 5.773334
v 9.005000 0.063645 5.768645
v 9.005000 0.044563 5.757700
v 9.005000 0.039800 5.755727
v 9.005000 0.048774 5.757700
v 9.005000 0.037827 5.750000
v 9.005000 0.048774 5.750000
v 9.005000 0.048774 5.742300
v 9.005000 0.039800 5.744273
v 9.005000 0.044563 5.742300
vn 1.0000 -0.0000 -0.0000
vn -0.0000 -0.0000 -1.0000
vn -0.0000 -1.0000 -0.0000
vn -0.0000 -0.0000 1.0000
vn 0.8944 -0.0000 -0.4472
vn 0.8944 -0.4472 -0.0000
vn 0.8944 -0.0000 0.4472
vn -0.0000 1.0000 -0.0000
vn -0.0000 -0.8660 -0.5000
vn -0.0000 -0.5000 0.8660
vn -0.0000 -0.8660 0.5000
vn -0.0000 0.5000 -0.8660
vn -0.0000 0.8660 0.5000
vn -0.0000 -0.5000 -0.8660
vn -0.0000 0.8660 -0.5000
vn -0.0000 0.5000 0.8660
vn 0.3688 -0.6572 -0.6572
vn 0.8991 -0.3095 -0.3095
vn 0.8991 -0.4377 -0.0000
vn 0.3688 -0.9295 -0.0000
vn 0.8991 -0.3095 0.3095
vn 0.3688 -0.6572 0.6572
vn 0.8991 -0.0000 0.4377
vn 0.3688 -0.0000 0.9295
vn 0.8991 0.3095 0.3095
vn 0.3688 0.6572 0.6572
vn 0.8991 0.4377 -0.0000
vn 0.3688 0.9295 -0.0000
vn 0.8991 0.3095 -0.3095
vn 0.3688 0.6572 -0.6572
vn 0.8991 -0.0000 -0.4377
vn 0.3688 -0.0000 -0.9295
vn -0.0000 -0.7071 -0.7071
vn -0.0000 0.7071 -0.7071
vn -0.0000 -0.7071 0.7071
vn -0.0000 0.7071 0.7071
vn -0.0000 0.3827 0.9239
vn -0.0000 0.9239 0.3827
vn -0.0000 0.9239 -0.3827
vn -0.0000 0.3827 -0.9239
vn -0.0000 -0.3827 -0.9239
vn -0.0000 -0.9239 -0.3827
vn -0.0000 -0.9239 0.3827
vn -0.0000 -0.3827 0.9239
vn -0.0000 0.7283 0.6852
vn -0.0000 0.1951 0.9808
vn -0.0000 0.7283 -0.6852
vn -0.0000 0.1951 -0.9808
vn 0.8944 0.4472 -0.0000
vt 0.778885 0.320528
vt 0.845380 0.320528
vt 0.850378 0.325527
vt 0.773887 0.325527
vt 0.778885 0.254034
vt 0.773887 0.249946
vt 0.778885 0.180251
vt 0.845380 0.180251
vt 0.844602 0.181881
vt 0.779663 0.181881
vt 0.824372 0.294384
vt 0.844602 0.318011
vt 0.812133 0.301259
vt 0.808490 0.330952
vt 0.808490 0.249946
vt 0.815775 0.249946
vt 0.815775 0.330952
vt 0.815775 0.293655
vt 0.808490 0.293655
vt 0.808490 0.206237
vt 0.815775 0.206237
vt 0.768423 0.330990
vt 0.768423 0.249946
vt 0.855842 0.330990
vt 0.778885 0.319640
vt 0.779663 0.318011
vt 0.811950 0.282416
vt 0.811950 0.217476
vt 0.812315 0.217476
vt 0.812315 0.282416
vt 0.850378 0.249946
vt 0.855842 0.249946
vt 0.845380 0.319640
vt 0.812315 0.217492
vt 0.812315 0.282400
vt 0.811950 0.282400
vt 0.811950 0.217492
vt 0.812315 0.216699
vt 0.812315 0.283193
vt 0.811950 0.283193
vt 0.811950 0.216699
vt 0.824372 0.205508
vt 0.844602 0.181881
vt 0.833331 0.224290
vt 0.812315 0.216715
vt 0.812315 0.283177
vt 0.811950 0.283177
vt 0.811950 0.216715
vt 0.845380 0.254034
vt 0.812315 0.282416
vt 0.811950 0.282416
vt 0.812133 0.198633
vt 0.787654 0.249946
vt 0.779663 0.181881
vt 0.790934 0.224290
vt 0.799893 0.294384
vt 0.790934 0.275602
vt 0.833331 0.275602
vt 0.836611 0.249946
vt 0.799893 0.205508
vt 0.811950 0.282400
vt 0.811950 0.217492
vt 0.808490 0.237707
vt 0.815775 0.237707
vt 0.808490 0.271145
vt 0.808490 0.262185
vt 0.815775 0.262185
vt 0.815775 0.271145
vt 0.815775 0.245229
vt 0.815775 0.257563
vt 0.808490 0.257563
vt 0.808490 0.245229
vt 0.808490 0.233097
vt 0.815775 0.233097
vt 0.808490 0.228747
vt 0.815775 0.228747
vt 0.815775 0.237707
vt 0.808490 0.237707
vt 0.815775 0.266795
vt 0.808490 0.266795
vt 0.813199 0.252520
vt 0.812822 0.251610
vt 0.813796 0.250635
vt 0.814707 0.251012
vt 0.813796 0.249257
vt 0.814707 0.248880
vt 0.812822 0.248282
vt 0.813199 0.247372
vt 0.811443 0.248282
vt 0.811066 0.247372
vt 0.810469 0.249257
vt 0.809558 0.248880
vt 0.810469 0.250635
vt 0.809558 0.251012
vt 0.811443 0.251610
vt 0.811066 0.252520
vt 0.810739 0.249971
vt 0.813526 0.249971
vt 0.813526 0.251915
vt 0.810739 0.251915
vt 0.810739 0.247977
vt 0.813526 0.247977
vt 0.813526 0.251916
vt 0.810739 0.251916
vt 0.810739 0.249946
vt 0.813526 0.249946
vt 0.810739 0.247976
vt 0.813526 0.247976
vt 0.821147 0.237309
vt 0.829441 0.232637
vt 0.823709 0.238370
vt 0.805797 0.226302
vt 0.818468 0.226302
vt 0.812133 0.247160
vt 0.810162 0.247976
vt 0.821147 0.244554
vt 0.814919 0.249946
vt 0.814103 0.247976
vt 0.818586 0.243493
vt 0.794824 0.232637
vt 0.809346 0.249946
vt 0.814103 0.251916
vt 0.835777 0.243611
vt 0.835777 0.256281
vt 0.788488 0.243610
vt 0.810162 0.251916
vt 0.829441 0.267255
vt 0.818468 0.273590
vt 0.820944 0.263182
vt 0.823918 0.261732
vt 0.816714 0.260477
vt 0.812133 0.252732
vt 0.819689 0.257502
vt 0.805797 0.273590
vt 0.788488 0.256281
vt 0.794824 0.267255
vt 0.800557 0.261522
vt 0.803118 0.262583
vt 0.799496 0.258961
vt 0.810858 0.249913
vt 0.813407 0.249913
vt 0.813407 0.252506
vt 0.810858 0.252506
vt 0.813407 0.252507
vt 0.810858 0.252507
vt 0.810858 0.249946
vt 0.813407 0.249946
vt 0.810858 0.247385
vt 0.813407 0.247385
vt 0.810858 0.252506
vt 0.810858 0.249913
vt 0.810858 0.247386
vt 0.813407 0.247386
vt 0.810858 0.247385
vt 0.813407 0.247385
vt 0.810858 0.247386
vt 0.813407 0.247386
vt 0.813519 0.253293
vt 0.810746 0.253293
vt 0.808786 0.251332
vt 0.808786 0.248560
vt 0.810746 0.246599
vt 0.813519 0.246599
vt 0.815479 0.248560
vt 0.815479 0.251332
vt 0.810858 0.249946
vt 0.813407 0.249946
vt 0.810858 0.247386
vt 0.810858 0.249946
vt 0.810858 0.247385
vt 0.810858 0.252507
vt 0.808786 0.251332
vt 0.808786 0.248560
vt 0.823709 0.243493
vt 0.824769 0.240931
vt 0.817525 0.240931
vt 0.818586 0.238370
vt 0.805679 0.256399
vt 0.806740 0.258961
vt 0.805679 0.261522
vt 0.800557 0.256399
vt 0.803118 0.255338
vt 0.813407 0.254153
vt 0.810858 0.254153
vt 0.810858 0.253075
vt 0.813407 0.249946
vt 0.813407 0.253075
vt 0.813407 0.249779
vt 0.813407 0.252413
vt 0.810858 0.252413
vt 0.810858 0.249779
vt 0.810858 0.247479
vt 0.813407 0.247479
vt 0.809142 0.249946
vt 0.815123 0.249946
vt 0.814045 0.253075
vt 0.811443 0.254153
vt 0.810858 0.245739
vt 0.813407 0.245739
vt 0.810858 0.246817
vt 0.813407 0.246817
vt 0.809142 0.245739
vt 0.811443 0.245739
vt 0.825369 0.258757
vt 0.818341 0.262104
vt 0.822664 0.254527
vt 0.824291 0.256155
vt 0.778885 0.245858
vt 0.845380 0.245858
vt 0.778885 0.179364
vt 0.773887 0.174365
vt 0.845380 0.180251
vt 0.808490 0.168940
vt 0.815775 0.168940
vt 0.850378 0.174365
vt 0.768423 0.168902
vt 0.855842 0.168902
vt 0.778885 0.180251
vt 0.824372 0.205508
vt 0.833331 0.224290
vt 0.812315 0.216715
vt 0.811950 0.216715
vt 0.845380 0.179364
vt 0.790934 0.224290
vt 0.799893 0.205508
vt 0.815775 0.257563
vt 0.808490 0.257563
vt 0.808490 0.233097
vt 0.815775 0.233097
vt 0.815775 0.266795
vt 0.808490 0.266795
vt 0.814707 0.248880
vt 0.810739 0.247977
vt 0.813526 0.247977
vt 0.821147 0.237309
vt 0.805797 0.226302
vt 0.818468 0.226302
vt 0.810162 0.247976
vt 0.821147 0.244554
vt 0.814103 0.247976
vt 0.794824 0.232637
vt 0.835777 0.243611
vt 0.788488 0.243611
vt 0.818468 0.273590
vt 0.819689 0.257502
vt 0.805797 0.273590
vt 0.788488 0.256281
vt 0.799496 0.258961
vt 0.810858 0.249913
vt 0.813407 0.249913
vt 0.810858 0.249913
vt 0.813407 0.249913
vt 0.813407 0.252506
vt 0.813407 0.247386
vt 0.810858 0.247385
vt 0.813407 0.247385
vt 0.813407 0.249946
vt 0.810858 0.249946
vt 0.813407 0.252507
vt 0.815479 0.251332
vt 0.813407 0.249913
vt 0.810858 0.249946
vt 0.813407 0.249946
vt 0.813407 0.247385
vt 0.823709 0.243493
vt 0.824769 0.240931
vt 0.817525 0.240931
vt 0.818586 0.238370
vt 0.806740 0.258961
vt 0.813407 0.254153
vt 0.810858 0.254153
vt 0.813407 0.249779
vt 0.813407 0.252413
vt 0.810858 0.249779
vt 0.813407 0.247479
vt 0.811443 0.254153
vt 0.810858 0.245739
vt 0.813407 0.245739
vt 0.810858 0.252413
vt 0.810858 0.249779
vt 0.810858 0.247479
vt 0.818341 0.262104
vt 0.809142 0.254153
vt 0.814045 0.246817
vt 0.809142 0.254153
s 0
usemtl Backrooms
f 885/1132/274 881/1133/274 878/1134/274 876/1135/274
f 886/1136/274 885/1132/274 876/1135/274 874/1137/274
f 890/1138/274 889/1139/274 888/1140/274 891/1141/274
f 901/1142/274 880/1143/274 903/1144/274
f 852/1145/275 853/1146/275 867/1147/275 870/1148/275
f 852/1149/276 870/1150/276 872/1151/276 844/1152/276
f 872/1145/277 873/1146/277 846/1147/277 844/1148/277
f 874/1137/278 876/1135/278 870/1153/278 867/1154/278
f 876/1135/279 878/1134/279 872/1155/279 870/1153/279
f 865/1156/274 890/1138/274 891/1141/274 864/1157/274
f 884/1158/276 880/1159/276 888/1160/276 859/1161/276
f 878/1134/280 879/1162/280 873/1163/280 872/1155/280
f 864/1157/274 859/1143/274 857/1164/274 865/1156/274
f 887/1165/275 884/1166/275 859/1167/275 864/1168/275
f 889/1139/274 857/1164/274 859/1143/274 888/1140/274
f 881/1169/281 885/1170/281 857/1171/281 889/1172/281
f 892/1173/274 883/1174/274 899/1175/274
f 882/1176/275 881/1177/275 889/1178/275 890/1179/275
f 882/1180/274 886/1136/274 874/1137/274 879/1162/274
f 885/1178/277 886/1179/277 865/1176/277 857/1177/277
f 881/1133/274 882/1180/274 879/1162/274 878/1134/274
f 883/1160/281 887/1181/281 864/1182/281 891/1159/281
f 886/1171/276 882/1172/276 890/1169/276 865/1170/276
f 883/1174/274 892/1173/274 893/1183/274
f 894/1184/274 887/1185/274 896/1186/274
f 902/1187/274 884/1157/274 895/1188/274
f 880/1143/274 884/1157/274 902/1187/274 903/1144/274
f 900/1189/274 880/1143/274 901/1142/274
f 898/1190/274 899/1175/274 883/1174/274
f 897/1191/274 896/1186/274 887/1185/274
f 887/1185/274 883/1174/274 893/1183/274 897/1191/274
f 880/1192/277 883/1193/277 891/1165/277 888/1166/277
f 900/1189/274 898/1190/274 883/1174/274 880/1143/274
f 895/1188/274 884/1157/274 887/1185/274 894/1184/274
s 1
f 893/1146/276 892/1194/282 904/1195/282 905/1147/276
f 896/1196/283 897/1197/284 909/1198/284 908/1199/283
f 898/1200/275 900/1201/285 912/1202/285 910/1203/275
f 903/1147/281 902/1198/286 914/1197/286 915/1146/281
f 897/1197/284 893/1146/276 905/1147/276 909/1198/284
f 894/1203/277 896/1204/283 908/1205/283 906/1200/277
f 892/1194/282 899/1206/287 911/1207/287 904/1195/282
f 901/1208/288 903/1147/281 915/1146/281 913/1209/288
f 895/1202/289 894/1203/277 906/1200/277 907/1201/289
f 899/1205/287 898/1200/275 910/1203/275 911/1204/287
f 900/1201/285 901/1210/288 913/1211/288 912/1202/285
f 902/1211/286 895/1202/289 907/1201/289 914/1210/286
f 927/1212/290 926/1213/291 928/1214/292 929/1215/293
f 929/1215/293 928/1214/292 930/1216/294 931/1217/295
f 931/1217/295 930/1216/294 932/1218/296 933/1219/297
f 933/1219/297 932/1218/296 934/1220/298 935/1221/299
f 935/1221/299 934/1220/298 936/1222/300 937/1223/301
f 937/1223/301 936/1222/300 938/1224/302 939/1225/303
f 939/1225/303 938/1224/302 924/1226/304 925/1227/305
f 932/1218/296 930/1216/294 928/1214/292 926/1213/291 924/1226/304 938/1224/302 936/1222/300 934/1220/298
f 916/1228/275 925/1229/305 927/1230/290 917/1231/306
f 923/1232/307 939/1233/303 925/1229/305 916/1228/275
f 917/1234/306 927/1235/290 929/1236/293 918/1237/276
f 918/1237/276 929/1236/293 931/1238/295 919/1239/308
f 919/1230/308 931/1231/295 933/1228/297 920/1229/277
f 920/1229/277 933/1228/297 935/1232/299 921/1233/309
f 921/1238/309 935/1239/299 937/1237/301 922/1236/281
f 922/1236/281 937/1237/301 939/1234/303 923/1235/307
f 925/1227/305 924/1226/304 926/1213/291 927/1212/290
s 0
f 948/1240/274 910/1241/274 952/1242/274
f 904/1243/274 911/1244/274 921/1245/274 922/1246/274
f 955/1247/274 919/1248/274 920/1249/274 949/1250/274
f 905/1251/274 904/1243/274 922/1246/274 923/1252/274
f 918/1253/274 919/1248/274 912/1254/274 913/1255/274
f 909/1256/274 905/1251/274 923/1252/274 916/1257/274
f 915/1258/274 914/1259/274 962/1260/274 959/1261/274
f 961/1262/274 917/1263/274 960/1264/274
f 916/1257/274 914/1259/274 907/1265/274
f 909/1256/274 916/1257/274 908/1266/274
f 906/1267/274 943/1268/274 942/1269/274
f 946/1270/274 943/1268/274 906/1267/274
f 943/1271/310 840/1272/310 848/1273/310 942/1274/310
f 942/1275/311 848/1276/311 856/1277/311 944/1278/311
f 944/1278/312 856/1277/312 862/1279/312 941/1280/312
f 862/1281/313 868/1282/313 940/1272/313 941/1273/313
f 940/1272/314 868/1282/314 871/1283/314 945/1284/314
f 945/1285/315 871/1286/315 875/1278/315 947/1277/315
f 947/1277/316 875/1278/316 877/1275/316 946/1276/316
f 943/1271/317 946/1287/317 877/1288/317 840/1272/317
f 862/1289/274 856/1290/274 848/1291/274 840/1292/274 877/1293/274 875/1294/274 871/1295/274 868/1296/274
f 949/1282/310 842/1272/310 847/1273/310 955/1281/310
f 847/1276/311 850/1297/311 954/1298/311 955/1275/311
f 850/1297/312 854/1285/312 953/1286/312 954/1298/312
f 953/1273/313 854/1274/313 860/1271/313 952/1272/313
f 952/1272/314 860/1271/314 863/1299/314 948/1288/314
f 863/1286/315 866/1278/315 951/1300/315 948/1301/315
f 866/1278/316 869/1275/316 950/1302/316 951/1300/316
f 949/1282/317 950/1283/317 869/1284/317 842/1272/317
f 866/1293/274 863/1294/274 860/1295/274 854/1296/274 850/1289/274 847/1290/274 842/1303/274 869/1304/274
f 912/1254/274 954/1305/274 953/1306/274
f 912/1254/274 919/1248/274 955/1247/274 954/1305/274
f 949/1250/274 920/1249/274 921/1245/274 950/1307/274
f 950/1307/274 921/1245/274 911/1244/274 951/1308/274
f 951/1308/274 911/1244/274 910/1241/274 948/1240/274
f 952/1242/274 910/1241/274 912/1254/274 953/1306/274
f 940/1309/274 916/1257/274 941/1310/274
f 916/1257/274 907/1265/274 944/1311/274 941/1310/274
f 907/1265/274 906/1267/274 942/1269/274 944/1311/274
f 947/1312/274 946/1270/274 906/1267/274 908/1266/274
f 945/1313/274 947/1312/274 908/1266/274 916/1257/274
f 940/1309/274 945/1313/274 916/1257/274
f 960/1277/276 845/1278/276 841/1314/276 961/1315/276
s 1
f 851/1316/318 843/1300/281 959/1317/281 962/1318/318
f 849/1319/319 851/1320/318 962/1321/318 963/1322/319
f 961/1323/277 841/1324/277 849/1319/319 963/1322/319
s 0
f 845/1325/274 843/1326/274 851/1327/274 849/1328/274
f 958/1329/276 855/1330/276 845/1278/276 960/1277/276
s 1
f 959/1317/281 843/1300/281 861/1331/320 957/1332/320
f 957/1320/320 861/1321/320 858/1322/321 956/1319/321
f 858/1322/321 855/1323/275 958/1324/275 956/1319/321
s 0
f 845/1325/274 855/1333/274 858/1334/274
f 913/1255/274 915/1258/274 959/1261/274 957/1335/274
f 962/1260/274 914/1259/274 963/1336/274
f 914/1259/274 916/1257/274 917/1263/274 961/1262/274 963/1336/274
f 917/1263/274 918/1253/274 958/1337/274 960/1264/274
f 918/1253/274 913/1255/274 956/1338/274 958/1337/274
f 956/1338/274 913/1255/274 957/1335/274
f 1003/1339/274 999/1340/274 879/1162/274 874/1137/274
f 1004/1341/274 1003/1339/274 874/1137/274 994/1342/274
f 1008/1343/274 1007/1164/274 1006/1143/274 1009/1140/274
f 1019/1142/274 998/1143/274 1021/1144/274
f 989/1149/281 975/1150/281 969/1151/281 993/1152/281
f 853/1146/275 975/1344/275 989/1345/275 867/1147/275
f 997/1346/322 994/1342/322 989/1347/322 993/1348/322
f 873/1146/277 993/1344/277 969/1345/277 846/1147/277
f 994/1342/278 874/1137/278 867/1154/278 989/1347/278
f 987/1349/274 1008/1343/274 1009/1140/274 986/1141/274
f 1002/1158/276 998/1159/276 1006/1160/276 981/1161/276
f 879/1162/280 997/1346/280 993/1348/280 873/1163/280
f 986/1141/274 981/1157/274 979/1156/274 987/1349/274
f 1005/1165/275 1002/1166/275 981/1167/275 986/1168/275
f 1007/1164/274 979/1156/274 981/1157/274 1006/1143/274
f 999/1169/281 1003/1170/281 979/1171/281 1007/1172/281
f 1010/1350/274 1001/1140/274 1017/1351/274
f 1000/1352/275 999/1177/275 1007/1178/275 1008/1353/275
f 1000/1354/274 1004/1341/274 994/1342/274 997/1346/274
f 1003/1178/277 1004/1179/277 987/1176/277 979/1177/277
f 999/1340/274 1000/1354/274 997/1346/274 879/1162/274
f 1001/1160/281 1005/1181/281 986/1182/281 1009/1159/281
f 1004/1171/276 1000/1172/276 1008/1169/276 987/1170/276
f 1001/1140/274 1010/1350/274 1011/1183/274
f 1012/1184/274 1005/1141/274 1014/1355/274
f 1020/1187/274 1002/1157/274 1013/1188/274
f 998/1143/274 1002/1157/274 1020/1187/274 1021/1144/274
f 1018/1189/274 998/1143/274 1019/1142/274
f 1016/1190/274 1017/1351/274 1001/1140/274
f 1015/1356/274 1014/1355/274 1005/1141/274
f 1005/1141/274 1001/1140/274 1011/1183/274 1015/1356/274
f 998/1192/277 1001/1193/277 1009/1165/277 1006/1166/277
f 1018/1189/274 1016/1190/274 1001/1140/274 998/1143/274
f 1013/1188/274 1002/1157/274 1005/1141/274 1012/1184/274
s 1
f 1011/1146/276 1010/1194/282 1022/1195/282 1023/1147/276
f 1014/1196/283 1015/1197/284 1027/1198/284 1026/1199/283
f 1016/1200/275 1018/1357/285 1030/1358/285 1028/1203/275
f 1021/1147/281 1020/1198/286 1032/1197/286 1033/1146/281
f 1015/1197/284 1011/1146/276 1023/1147/276 1027/1198/284
f 1012/1203/277 1014/1359/283 1026/1360/283 1024/1200/277
f 1010/1194/282 1017/1206/287 1029/1207/287 1022/1195/282
f 1019/1208/288 1021/1147/281 1033/1146/281 1031/1209/288
f 1013/1358/289 1012/1203/277 1024/1200/277 1025/1357/289
f 1017/1360/287 1016/1200/275 1028/1203/275 1029/1359/287
f 1018/1357/285 1019/1361/288 1031/1362/288 1030/1358/285
f 1020/1362/286 1013/1358/289 1025/1357/289 1032/1361/286
f 1045/1223/290 1044/1222/291 1046/1224/292 1047/1225/293
f 1047/1225/293 1046/1224/292 1048/1226/294 1049/1227/295
f 1049/1227/295 1048/1226/294 1050/1213/296 1051/1212/297
f 1051/1212/297 1050/1213/296 1052/1214/298 1053/1215/299
f 1053/1215/299 1052/1214/298 1054/1216/300 1055/1363/301
f 1055/1363/301 1054/1216/300 1056/1218/302 1057/1219/303
f 1057/1219/303 1056/1218/302 1042/1220/304 1043/1221/305
f 1050/1213/296 1048/1226/294 1046/1224/292 1044/1222/291 1042/1220/304 1056/1218/302 1054/1216/300 1052/1214/298
f 1034/1228/275 1043/1229/305 1045/1230/290 1035/1231/306
f 1041/1364/307 1057/1365/303 1043/1229/305 1034/1228/275
f 1035/1234/306 1045/1235/290 1047/1236/293 1036/1237/276
f 1036/1237/276 1047/1236/293 1049/1238/295 1037/1239/308
f 1037/1230/308 1049/1231/295 1051/1228/297 1038/1229/277
f 1038/1229/277 1051/1228/297 1053/1364/299 1039/1365/309
f 1039/1238/309 1053/1239/299 1055/1237/301 1040/1236/281
f 1040/1236/281 1055/1237/301 1057/1234/303 1041/1235/307
f 1043/1221/305 1042/1220/304 1044/1222/291 1045/1223/290
s 0
f 1066/1366/274 1028/1241/274 1067/1242/274
f 1022/1367/274 1029/1368/274 1039/1245/274 1040/1369/274
f 1073/1370/274 1037/1248/274 1038/1371/274 1070/1250/274
f 1023/1372/274 1022/1367/274 1040/1369/274 1041/1252/274
f 1036/1253/274 1037/1248/274 1030/1373/274 1031/1255/274
f 1027/1374/274 1023/1372/274 1041/1252/274 1034/1257/274
f 1033/1258/274 1032/1375/274 1080/1260/274 1077/1261/274
f 1079/1262/274 1035/1263/274 1078/1376/274
f 1034/1257/274 1032/1375/274 1025/1377/274
f 1027/1374/274 1034/1257/274 1026/1378/274
f 1024/1267/274 1061/1268/274 1060/1269/274
f 1064/1379/274 1061/1268/274 1024/1267/274
f 1061/1380/310 964/1381/310 971/1273/310 1060/1281/310
f 1060/1275/311 971/1276/311 978/1277/311 1062/1278/311
f 1062/1278/312 978/1277/312 984/1279/312 1059/1280/312
f 984/1281/313 990/1382/313 1058/1383/313 1059/1384/313
f 1058/1383/314 990/1382/314 992/1287/314 1063/1385/314
f 1063/1386/315 992/1387/315 995/1388/315 1065/1389/315
f 1065/1389/316 995/1388/316 996/1390/316 1064/1302/316
f 1061/1380/317 1064/1299/317 996/1288/317 964/1381/317
f 984/1391/274 978/1289/274 971/1290/274 964/1291/274 996/1304/274 995/1293/274 992/1294/274 990/1295/274
f 1070/1282/310 966/1392/310 970/1384/310 1073/1281/310
f 970/1302/311 973/1393/311 1072/1394/311 1073/1390/311
f 973/1393/312 976/1301/312 1071/1395/312 1072/1394/312
f 1071/1273/313 976/1274/313 982/1380/313 1067/1381/313
f 1067/1381/314 982/1380/314 985/1299/314 1066/1288/314
f 985/1395/315 988/1317/315 1069/1300/315 1066/1301/315
f 988/1317/316 991/1390/316 1068/1302/316 1069/1300/316
f 1070/1282/317 1068/1287/317 991/1385/317 966/1392/317
f 988/1295/274 985/1296/274 982/1289/274 976/1290/274 973/1291/274 970/1304/274 966/1293/274 991/1294/274
f 1030/1373/274 1072/1396/274 1071/1397/274
f 1030/1373/274 1037/1248/274 1073/1370/274 1072/1396/274
f 1070/1250/274 1038/1371/274 1039/1245/274 1068/1398/274
f 1068/1398/274 1039/1245/274 1029/1368/274 1069/1399/274
f 1069/1399/274 1029/1368/274 1028/1241/274 1066/1366/274
f 1067/1242/274 1028/1241/274 1030/1373/274 1071/1397/274
f 1058/1309/274 1034/1257/274 1059/1400/274
f 1034/1257/274 1025/1377/274 1062/1311/274 1059/1400/274
f 1025/1377/274 1024/1267/274 1060/1269/274 1062/1311/274
f 1065/1312/274 1064/1379/274 1024/1267/274 1026/1378/274
f 1063/1313/274 1065/1312/274 1026/1378/274 1034/1257/274
f 1058/1309/274 1063/1313/274 1034/1257/274
f 1078/1300/276 968/1317/276 965/1401/276 1079/1402/276
s 1
f 974/1316/318 967/1300/281 1077/1317/281 1080/1318/318
f 972/1403/319 974/1404/318 1080/1321/318 1081/1405/319
f 1079/1323/277 965/1406/277 972/1403/319 1081/1405/319
s 0
f 968/1325/274 967/1326/274 974/1327/274 972/1407/274
f 1076/1408/276 977/1409/276 968/1317/276 1078/1300/276
s 1
f 1077/1317/281 967/1300/281 983/1331/320 1075/1332/320
f 1075/1404/320 983/1410/320 980/1411/321 1074/1403/321
f 980/1411/321 977/1412/275 1076/1406/275 1074/1403/321
s 0
f 968/1325/274 977/1333/274 980/1334/274
f 1031/1255/274 1033/1258/274 1077/1261/274 1075/1335/274
f 1080/1260/274 1032/1375/274 1081/1413/274
f 1032/1375/274 1034/1257/274 1035/1263/274 1079/1262/274 1081/1413/274
f 1035/1263/274 1036/1253/274 1076/1337/274 1078/1376/274
f 1036/1253/274 1031/1255/274 1074/1338/274 1076/1337/274
f 1074/1338/274 1031/1255/274 1075/1335/274
f 841/1414/274 845/1325/274 849/1328/274
f 843/1326/274 845/1325/274 858/1334/274 861/1415/274
f 967/1326/274 968/1325/274 980/1334/274 983/1415/274
f 965/1416/274 968/1325/274 972/1407/274
o Double_Socket_3
v 9.000255 -0.064374 5.524472
v 9.000000 -0.148333 5.580000
v 9.000255 -0.061570 5.525779
v 9.000000 -0.148333 5.420000
v 9.000255 -0.063243 5.525706
v 9.000000 0.000000 5.420000
v 9.000255 -0.050267 5.521665
v 9.000255 -0.048959 5.518861
v 9.017667 -0.129185 5.439148
v 9.000255 -0.049033 5.520534
v 9.017667 -0.127762 5.440571
v 9.000255 -0.063067 5.521668
v 9.017667 -0.008904 5.440571
v 9.017667 -0.007482 5.439148
v 9.000255 -0.064301 5.522799
v 9.013333 0.000000 5.420000
v 9.000255 -0.051763 5.517554
v 9.013333 -0.148333 5.420000
v 9.000255 -0.050090 5.517627
v 9.013333 -0.148333 5.580000
v 9.018333 0.000000 5.430000
v 9.018333 -0.138333 5.430000
v 9.018333 -0.138333 5.570000
v 9.018333 0.000000 5.570000
v 9.018333 -0.127762 5.559429
v 9.018333 -0.129185 5.560852
v 9.018333 -0.007482 5.560852
v 9.018333 -0.008904 5.559429
v 9.018333 -0.127762 5.440571
v 9.000255 -0.102237 5.500000
v 9.018333 -0.129185 5.439148
v 9.000255 -0.100050 5.502187
v 9.018333 -0.007482 5.439148
v 9.000255 -0.101597 5.501546
v 9.018333 -0.008904 5.440571
v 9.000255 -0.088021 5.502187
v 9.017667 -0.127762 5.559429
v 9.000255 -0.085834 5.500000
v 9.017667 -0.129185 5.560852
v 9.000255 -0.086474 5.501546
v 9.017667 -0.007482 5.560852
v 9.000255 -0.100050 5.497813
v 9.017667 -0.008904 5.559429
v 9.000255 -0.101597 5.498454
v 9.018333 -0.029533 5.522401
v 9.000255 -0.088021 5.497813
v 9.018333 -0.023531 5.500000
v 9.000255 -0.086474 5.498454
v 9.018333 -0.068333 5.455198
v 9.018333 -0.090734 5.461200
v 9.018333 -0.045932 5.461200
v 9.018333 -0.029533 5.477599
v 9.018333 -0.068333 5.544802
v 9.018333 -0.045932 5.538800
v 9.018333 -0.090734 5.538800
v 9.018333 -0.107133 5.522401
v 9.018333 -0.107133 5.477599
v 9.018333 -0.113135 5.500000
v 9.005000 -0.029533 5.522401
v 9.000255 -0.064374 5.475528
v 9.005000 -0.023531 5.500000
v 9.000255 -0.063066 5.478332
v 9.005000 -0.068333 5.455198
v 9.000255 -0.064301 5.477201
v 9.000255 -0.051763 5.482446
v 9.005000 -0.090734 5.461200
v 9.005000 -0.045932 5.461200
v 9.000255 -0.048959 5.481139
v 9.005000 -0.029533 5.477599
v 9.000255 -0.050090 5.482373
v 9.005000 -0.068333 5.544802
v 9.000255 -0.061570 5.474221
v 9.000255 -0.063243 5.474294
v 9.005000 -0.045932 5.538800
v 9.005000 -0.090734 5.538800
v 9.000255 -0.050267 5.478335
v 9.000255 -0.049032 5.479466
v 9.005000 -0.107133 5.522401
v 9.005000 -0.107133 5.477599
v 9.005000 -0.113135 5.500000
v 9.005000 -0.063243 5.525706
v 9.005000 -0.061570 5.525779
v 9.005000 -0.064374 5.524472
v 9.005000 -0.050267 5.521665
v 9.005000 -0.049033 5.520534
v 9.005000 -0.051763 5.517554
v 9.005000 -0.050090 5.517627
v 9.005000 -0.048959 5.518861
v 9.005000 -0.100050 5.502187
v 9.005000 -0.101597 5.501546
v 9.005000 -0.101597 5.498454
v 9.005000 -0.100050 5.497813
v 9.005000 -0.102237 5.500000
v 9.005000 -0.050090 5.482373
v 9.005000 -0.051763 5.482446
v 9.005000 -0.049032 5.479466
v 9.005000 -0.048959 5.481139
v 9.005000 -0.063243 5.474294
v 9.005000 -0.061570 5.474221
v 9.005000 -0.064374 5.475528
v 9.005000 -0.050267 5.478335
v 9.005000 -0.064301 5.522799
v 9.005000 -0.063067 5.521668
v 9.005000 -0.086474 5.501546
v 9.005000 -0.088021 5.502187
v 9.005000 -0.085834 5.500000
v 9.005000 -0.086474 5.498454
v 9.005000 -0.064301 5.477201
v 9.005000 -0.063066 5.478332
v 9.005000 -0.088021 5.497813
v 9.005000 -0.075396 5.529515
v 9.000255 0.072293 5.524472
v 9.000000 0.000000 5.580000
v 9.000000 0.148333 5.580000
v 9.000255 0.075096 5.525779
v 9.000255 0.073424 5.525706
v 9.000000 0.148333 5.420000
v 9.000255 0.086400 5.521665
v 9.000255 0.087707 5.518861
v 9.017667 0.007482 5.439148
v 9.000255 0.087634 5.520534
v 9.017667 0.008904 5.440571
v 9.000255 0.073600 5.521668
v 9.017667 0.127762 5.440571
v 9.017667 0.129185 5.439148
v 9.000255 0.072366 5.522799
v 9.013333 0.148333 5.420000
v 9.000255 0.084904 5.517554
v 9.000255 0.086576 5.517627
v 9.013333 0.000000 5.580000
v 9.013333 0.148333 5.580000
v 9.018333 0.138333 5.430000
v 9.018333 0.138333 5.570000
v 9.018333 0.008904 5.559429
v 9.018333 0.007482 5.560852
v 9.018333 0.129185 5.560852
v 9.018333 0.127762 5.559429
v 9.018333 0.008904 5.440571
v 9.000255 0.034429 5.500000
v 9.018333 0.007482 5.439148
v 9.000255 0.036616 5.502187
v 9.018333 0.129185 5.439148
v 9.000255 0.035070 5.501546
v 9.018333 0.127762 5.440571
v 9.000255 0.048646 5.502187
v 9.017667 0.008904 5.559429
v 9.000255 0.050833 5.500000
v 9.017667 0.007482 5.560852
v 9.000255 0.050192 5.501546
v 9.017667 0.129185 5.560852
v 9.000255 0.036616 5.497813
v 9.017667 0.127762 5.559429
v 9.000255 0.035070 5.498454
v 9.018333 0.107133 5.522401
v 9.000255 0.048646 5.497813
v 9.018333 0.113135 5.500000
v 9.000255 0.050192 5.498454
v 9.018333 0.068333 5.455198
v 9.018333 0.045932 5.461200
v 9.018333 0.090734 5.461200
v 9.018333 0.107133 5.477599
v 9.018333 0.068333 5.544802
v 9.018333 0.090734 5.538800
v 9.018333 0.045932 5.538800
v 9.018333 0.029533 5.522401
v 9.018333 0.029533 5.477599
v 9.018333 0.023531 5.500000
v 9.005000 0.107133 5.522401
v 9.000255 0.072293 5.475528
v 9.005000 0.113135 5.500000
v 9.000255 0.073600 5.478332
v 9.005000 0.068333 5.455198
v 9.000255 0.072366 5.477201
v 9.000255 0.084904 5.482446
v 9.005000 0.045932 5.461200
v 9.005000 0.090734 5.461200
v 9.000255 0.087707 5.481139
v 9.005000 0.107133 5.477599
v 9.000255 0.086576 5.482373
v 9.005000 0.068333 5.544802
v 9.000255 0.075096 5.474221
v 9.000255 0.073424 5.474294
v 9.005000 0.090734 5.538800
v 9.005000 0.045932 5.538800
v 9.000255 0.086400 5.478335
v 9.000255 0.087634 5.479466
v 9.005000 0.029533 5.522401
v 9.005000 0.029533 5.477599
v 9.005000 0.023531 5.500000
v 9.005000 0.073424 5.525706
v 9.005000 0.075096 5.525779
v 9.005000 0.072293 5.524472
v 9.005000 0.086400 5.521665
v 9.005000 0.087634 5.520534
v 9.005000 0.084904 5.517554
v 9.005000 0.086576 5.517627
v 9.005000 0.087707 5.518861
v 9.005000 0.036616 5.502187
v 9.005000 0.035070 5.501546
v 9.005000 0.035070 5.498454
v 9.005000 0.036616 5.497813
v 9.005000 0.034429 5.500000
v 9.005000 0.086576 5.482373
v 9.005000 0.084904 5.482446
v 9.005000 0.087634 5.479466
v 9.005000 0.087707 5.481139
v 9.005000 0.073424 5.474294
v 9.005000 0.075096 5.474221
v 9.005000 0.072293 5.475528
v 9.005000 0.086400 5.478335
v 9.005000 0.072366 5.522799
v 9.005000 0.073600 5.521668
v 9.005000 0.050192 5.501546
v 9.005000 0.048646 5.502187
v 9.005000 0.050833 5.500000
v 9.005000 0.050192 5.498454
v 9.005000 0.072366 5.477201
v 9.005000 0.073600 5.478332
v 9.005000 0.048646 5.497813
v 9.005000 0.061271 5.529515
vn 1.0000 -0.0000 -0.0000
vn -0.0000 -0.0000 -1.0000
vn -0.0000 -1.0000 -0.0000
vn -0.0000 -0.0000 1.0000
vn 0.8944 -0.0000 -0.4472
vn 0.8944 -0.4472 -0.0000
vn 0.8944 -0.0000 0.4472
vn -0.0000 1.0000 -0.0000
vn -0.0000 -0.8660 -0.5000
vn -0.0000 -0.5000 0.8660
vn -0.0000 -0.8660 0.5000
vn -0.0000 0.5000 -0.8660
vn -0.0000 0.8660 0.5000
vn -0.0000 -0.5000 -0.8660
vn -0.0000 0.8660 -0.5000
vn -0.0000 0.5000 0.8660
vn -0.0000 0.9063 0.4226
vn -0.0000 0.9397 -0.3420
vn -0.0000 0.5188 0.8549
vn -0.0000 -0.9397 0.3420
vn -0.0000 -0.4226 0.9063
vn -0.0000 0.1521 0.9884
vn -0.0000 0.4226 -0.9063
vn -0.0000 -0.1521 -0.9884
vn -0.0000 -0.9063 -0.4226
vn -0.0000 -0.5188 -0.8549
vn -0.0000 0.7071 0.7071
vn -0.0000 0.1951 0.9808
vn -0.0000 -0.7071 0.7071
vn -0.0000 -0.1951 0.9808
vn -0.0000 0.7071 -0.7071
vn -0.0000 0.1951 -0.9808
vn -0.0000 -0.7071 -0.7071
vn -0.0000 -0.1951 -0.9808
vn -0.0000 0.4226 0.9063
vn -0.0000 0.9397 0.3420
vn -0.0000 -0.1521 0.9884
vn -0.0000 -0.9397 -0.3420
vn -0.0000 -0.9063 0.4226
vn -0.0000 -0.5188 0.8549
vn -0.0000 0.9063 -0.4226
vn -0.0000 0.5188 -0.8549
vn -0.0000 -0.4226 -0.9063
vn -0.0000 0.1521 -0.9884
vn 0.8944 0.4472 -0.0000
vt 0.778881 0.320538
vt 0.845384 0.320538
vt 0.850383 0.325537
vt 0.773882 0.325537
vt 0.778881 0.254034
vt 0.773882 0.249946
vt 0.778881 0.179471
vt 0.845384 0.179471
vt 0.844607 0.181118
vt 0.779658 0.181118
vt 0.824373 0.271148
vt 0.844607 0.318774
vt 0.812133 0.274428
vt 0.808490 0.331001
vt 0.808490 0.249946
vt 0.815775 0.249946
vt 0.815775 0.331001
vt 0.815775 0.293661
vt 0.808490 0.293661
vt 0.808490 0.206231
vt 0.815775 0.206231
vt 0.768417 0.331001
vt 0.768417 0.249946
vt 0.855848 0.331001
vt 0.778881 0.320421
vt 0.779658 0.318774
vt 0.811950 0.282420
vt 0.811950 0.217472
vt 0.812315 0.217472
vt 0.812315 0.282420
vt 0.850383 0.249946
vt 0.855848 0.249946
vt 0.845384 0.320421
vt 0.812315 0.282420
vt 0.811950 0.282420
vt 0.812315 0.216694
vt 0.812315 0.283198
vt 0.811950 0.283198
vt 0.811950 0.216694
vt 0.824373 0.228744
vt 0.844607 0.181118
vt 0.833334 0.237705
vt 0.812315 0.283198
vt 0.811950 0.283198
vt 0.845384 0.254034
vt 0.811950 0.216694
vt 0.812315 0.216694
vt 0.812133 0.225464
vt 0.787651 0.249946
vt 0.779658 0.181118
vt 0.790931 0.237705
vt 0.799892 0.271148
vt 0.779658 0.318774
vt 0.790931 0.262187
vt 0.833334 0.262187
vt 0.836614 0.249946
vt 0.799892 0.228744
vt 0.808490 0.254426
vt 0.808490 0.242186
vt 0.815775 0.242186
vt 0.815775 0.254426
vt 0.808490 0.237705
vt 0.808490 0.228744
vt 0.815775 0.228744
vt 0.815775 0.237705
vt 0.815775 0.245466
vt 0.815775 0.257706
vt 0.808490 0.257706
vt 0.808490 0.245466
vt 0.815775 0.262187
vt 0.808490 0.262187
vt 0.808490 0.266667
vt 0.815775 0.266667
vt 0.808490 0.233225
vt 0.815775 0.233225
vt 0.808490 0.271148
vt 0.815775 0.271148
vt 0.788485 0.256282
vt 0.796781 0.251336
vt 0.799559 0.257294
vt 0.805796 0.226299
vt 0.818469 0.226299
vt 0.813523 0.234594
vt 0.812609 0.234554
vt 0.825583 0.262201
vt 0.835780 0.256282
vt 0.829444 0.267257
vt 0.825233 0.263046
vt 0.812927 0.251243
vt 0.812013 0.251243
vt 0.812013 0.248649
vt 0.812927 0.248649
vt 0.813429 0.253154
vt 0.813429 0.253829
vt 0.810836 0.253829
vt 0.810836 0.253154
vt 0.812252 0.248649
vt 0.812252 0.251243
vt 0.813429 0.246063
vt 0.813429 0.246977
vt 0.810836 0.246977
vt 0.810836 0.246063
vt 0.811338 0.251243
vt 0.811338 0.248649
vt 0.810836 0.252915
vt 0.813429 0.252915
vt 0.811339 0.248649
vt 0.811339 0.251243
vt 0.810836 0.246738
vt 0.810836 0.246063
vt 0.813429 0.246063
vt 0.813429 0.246738
vt 0.812133 0.245464
vt 0.812978 0.245814
vt 0.813328 0.246659
vt 0.813328 0.253233
vt 0.812978 0.254078
vt 0.812133 0.254428
vt 0.811288 0.254078
vt 0.810938 0.253233
vt 0.810938 0.246659
vt 0.811288 0.245814
vt 0.812978 0.251243
vt 0.812133 0.251243
vt 0.812133 0.248649
vt 0.812978 0.248649
vt 0.813429 0.253233
vt 0.813429 0.254078
vt 0.810836 0.254078
vt 0.810836 0.253233
vt 0.813429 0.245814
vt 0.813429 0.246659
vt 0.810836 0.246659
vt 0.810836 0.245814
vt 0.811288 0.251243
vt 0.811288 0.248649
vt 0.811288 0.254078
vt 0.813429 0.252915
vt 0.810836 0.252915
vt 0.813429 0.246738
vt 0.810836 0.246738
vt 0.810836 0.253154
vt 0.813429 0.253154
vt 0.813328 0.246659
vt 0.813328 0.253233
vt 0.812978 0.254078
vt 0.810938 0.253233
vt 0.810938 0.246659
vt 0.812133 0.245464
vt 0.818469 0.273593
vt 0.824388 0.263396
vt 0.805796 0.273593
vt 0.823543 0.263046
vt 0.825233 0.261356
vt 0.835780 0.243610
vt 0.826266 0.241270
vt 0.829444 0.232635
vt 0.819384 0.239578
vt 0.820585 0.256708
vt 0.819740 0.256358
vt 0.788485 0.243610
vt 0.796741 0.250422
vt 0.797359 0.249748
vt 0.794822 0.232635
vt 0.798273 0.249708
vt 0.811935 0.235172
vt 0.811895 0.236086
vt 0.818895 0.256708
vt 0.818470 0.239538
vt 0.794822 0.267257
vt 0.800233 0.257912
vt 0.801147 0.257872
vt 0.801765 0.257197
vt 0.818895 0.258398
vt 0.801725 0.256284
vt 0.818545 0.257553
vt 0.798947 0.250326
vt 0.812513 0.236760
vt 0.820098 0.238047
vt 0.820058 0.238960
vt 0.819480 0.237372
vt 0.778881 0.245858
vt 0.845384 0.245858
vt 0.778881 0.179354
vt 0.773882 0.174355
vt 0.845384 0.179471
vt 0.824373 0.271148
vt 0.808490 0.206231
vt 0.808490 0.168891
vt 0.815775 0.168891
vt 0.850383 0.174355
vt 0.768417 0.168891
vt 0.855848 0.168891
vt 0.778881 0.320421
vt 0.824373 0.228744
vt 0.844607 0.181118
vt 0.845384 0.179354
vt 0.799892 0.271148
vt 0.779658 0.318774
vt 0.799892 0.228744
vt 0.808490 0.242186
vt 0.815775 0.242186
vt 0.815775 0.245466
vt 0.808490 0.245466
vt 0.815775 0.233225
vt 0.808490 0.233225
vt 0.794822 0.232635
vt 0.803253 0.237346
vt 0.799482 0.242731
vt 0.826123 0.243474
vt 0.825700 0.242663
vt 0.808244 0.267722
vt 0.807338 0.267841
vt 0.813429 0.253828
vt 0.810836 0.253828
vt 0.812978 0.245814
vt 0.812133 0.254428
vt 0.811288 0.245814
vt 0.813429 0.253233
vt 0.810836 0.253233
vt 0.813429 0.245814
vt 0.813429 0.246659
vt 0.810836 0.246659
vt 0.810836 0.245814
vt 0.811288 0.245814
vt 0.794822 0.267257
vt 0.806612 0.267284
vt 0.806493 0.266377
vt 0.808801 0.266996
vt 0.826712 0.257848
vt 0.824737 0.251042
vt 0.810503 0.260647
vt 0.810383 0.259740
vt 0.804024 0.236855
vt 0.804917 0.237053
vt 0.818469 0.226299
vt 0.805409 0.237824
vt 0.824828 0.242388
vt 0.824017 0.242810
vt 0.809658 0.259183
vt 0.824315 0.250231
vt 0.788485 0.243610
vt 0.799284 0.243624
vt 0.799776 0.244395
vt 0.800669 0.244593
vt 0.808194 0.260028
vt 0.801440 0.244102
vt 0.808751 0.259302
vt 0.805211 0.238717
vt 0.823742 0.243682
vt 0.826421 0.250895
vt 0.825609 0.251317
vt 0.826696 0.250022
s 0
usemtl Backrooms
f 1112/1417/323 1107/1418/323 1104/1419/323 1103/1420/323
f 1114/1421/323 1112/1417/323 1103/1420/323 1102/1422/323
f 1122/1423/323 1120/1424/323 1118/1425/323 1124/1426/323
f 1137/1427/323 1106/1428/323 1139/1429/323
f 1085/1430/324 1087/1431/324 1097/1432/324 1099/1433/324
f 1085/1434/325 1099/1435/325 1101/1436/325 1083/1437/325
f 1101/1430/326 1211/1431/326 1194/1432/326 1083/1433/326
f 1102/1422/327 1103/1420/327 1099/1438/327 1097/1439/327
f 1103/1420/328 1104/1419/328 1101/1440/328 1099/1438/328
f 1095/1441/323 1122/1423/323 1124/1426/323 1094/1442/323
f 1110/1443/325 1106/1444/325 1118/1445/325 1092/1446/325
f 1104/1419/329 1105/1447/329 1211/1448/329 1101/1440/329
f 1094/1442/323 1092/1428/323 1090/1449/323 1095/1441/323
f 1116/1445/324 1110/1450/324 1092/1451/324 1094/1444/324
f 1120/1424/323 1090/1449/323 1092/1428/323 1118/1425/323
f 1107/1452/330 1112/1453/330 1090/1454/330 1120/1455/330
f 1126/1456/323 1109/1457/323 1135/1458/323
f 1108/1452/324 1107/1459/324 1120/1460/324 1122/1455/324
f 1108/1461/323 1114/1421/323 1102/1422/323 1105/1447/323
f 1112/1454/326 1114/1455/326 1095/1452/326 1090/1453/326
f 1107/1418/323 1108/1461/323 1105/1447/323 1104/1419/323
f 1109/1445/330 1116/1450/330 1094/1451/330 1124/1444/330
f 1114/1460/325 1108/1462/325 1122/1463/325 1095/1459/325
f 1109/1457/323 1126/1456/323 1128/1464/323
f 1130/1465/323 1116/1466/323 1132/1467/323
f 1138/1468/323 1110/1469/323 1131/1470/323
f 1106/1428/323 1110/1469/323 1138/1468/323 1139/1429/323
f 1136/1471/323 1106/1428/323 1137/1427/323
f 1134/1472/323 1135/1458/323 1109/1457/323
f 1133/1473/323 1132/1467/323 1116/1466/323
f 1116/1466/323 1109/1457/323 1128/1464/323 1133/1473/323
f 1106/1451/326 1109/1444/326 1124/1445/326 1118/1450/326
f 1136/1471/323 1134/1472/323 1109/1457/323 1106/1428/323
f 1131/1470/323 1110/1469/323 1116/1466/323 1130/1465/323
s 1
f 1128/1474/325 1126/1475/331 1140/1476/331 1142/1477/325
f 1132/1478/332 1133/1479/333 1150/1480/333 1148/1481/332
f 1134/1482/324 1136/1483/334 1156/1484/334 1152/1485/324
f 1139/1432/330 1138/1486/335 1160/1487/335 1161/1431/330
f 1133/1488/333 1128/1474/325 1142/1477/325 1150/1489/333
f 1130/1431/326 1132/1478/332 1148/1481/332 1144/1432/326
f 1126/1475/331 1135/1490/336 1155/1491/336 1140/1476/331
f 1137/1481/337 1139/1432/330 1161/1431/330 1159/1478/337
f 1131/1487/338 1130/1431/326 1144/1432/326 1147/1486/338
f 1135/1491/336 1134/1482/324 1152/1485/324 1155/1490/336
f 1136/1483/334 1137/1489/337 1159/1488/337 1156/1484/334
f 1138/1492/335 1131/1487/338 1147/1486/338 1160/1493/335
s 0
f 1148/1494/323 1182/1495/323 1180/1496/323
f 1140/1497/323 1155/1498/323 1165/1499/323 1166/1500/323
f 1171/1501/323 1159/1502/323 1161/1503/323 1174/1504/323
s 1
f 1096/1505/339 1082/1506/340 1164/1507/340 1183/1508/339
f 1093/1509/341 1096/1510/339 1183/1511/339 1184/1512/341
f 1089/1513/342 1100/1508/343 1168/1505/343 1169/1514/342
f 1100/1515/343 1098/1516/344 1167/1517/344 1168/1518/343
f 1082/1506/340 1086/1519/345 1162/1520/345 1164/1507/340
f 1086/1511/345 1084/1521/346 1163/1522/346 1162/1510/345
f 1091/1523/347 1089/1513/342 1169/1514/342 1166/1524/347
f 1088/1525/348 1091/1526/347 1166/1527/347 1165/1528/348
s 0
f 1089/1529/323 1091/1530/323 1088/1531/323 1084/1532/323 1086/1533/323 1082/1534/323 1096/1535/323 1093/1536/323 1098/1537/323 1100/1538/323
s 1
f 1163/1522/346 1084/1521/346 1088/1525/348 1165/1528/348
f 1167/1517/344 1098/1516/344 1093/1509/341 1184/1512/341
f 1125/1539/349 1111/1540/330 1174/1541/330 1172/1542/349
f 1123/1543/350 1125/1544/349 1172/1545/349 1173/1546/350
f 1119/1541/325 1129/1542/351 1188/1539/351 1187/1540/325
f 1129/1547/351 1127/1548/352 1191/1549/352 1188/1550/351
f 1111/1540/330 1115/1551/353 1171/1552/353 1174/1541/330
f 1115/1545/353 1113/1546/354 1170/1543/354 1171/1544/353
f 1121/1552/355 1119/1541/325 1187/1540/325 1185/1551/355
f 1117/1549/356 1121/1550/355 1185/1547/355 1186/1548/356
s 0
f 1117/1531/323 1113/1532/323 1115/1533/323 1111/1534/323 1125/1553/323 1123/1536/323 1127/1537/323 1129/1538/323 1119/1529/323 1121/1530/323
s 1
f 1170/1543/354 1113/1546/354 1117/1549/356 1186/1548/356
f 1191/1549/352 1127/1548/352 1123/1543/350 1173/1546/350
f 1154/1505/357 1141/1514/358 1181/1513/358 1179/1508/357
f 1153/1554/359 1154/1510/357 1179/1511/357 1180/1555/359
f 1149/1507/360 1158/1508/361 1177/1505/361 1178/1506/360
f 1177/1518/361 1158/1515/361 1157/1556/362 1182/1557/362
f 1141/1514/358 1145/1519/363 1189/1520/363 1181/1513/358
f 1145/1511/363 1143/1558/364 1190/1559/364 1189/1510/363
f 1151/1523/365 1149/1507/360 1178/1506/360 1175/1524/365
f 1146/1517/366 1151/1518/365 1175/1515/365 1176/1516/366
s 0
f 1146/1560/323 1143/1561/323 1145/1562/323 1141/1534/323 1154/1535/323 1153/1563/323 1157/1564/323 1158/1538/323 1149/1565/323 1151/1530/323
s 1
f 1143/1558/364 1146/1517/366 1176/1516/366 1190/1559/364
f 1182/1557/362 1157/1556/362 1153/1554/359 1180/1555/359
s 0
f 1174/1504/323 1161/1503/323 1160/1566/323 1172/1567/323
f 1172/1567/323 1160/1566/323 1147/1568/323 1173/1569/323
f 1170/1570/323 1156/1571/323 1159/1502/323 1171/1501/323
f 1192/1572/323 1152/1573/323 1156/1571/323
f 1183/1574/323 1192/1572/323 1186/1575/323 1185/1576/323
f 1150/1577/323 1177/1578/323 1182/1495/323 1148/1494/323
f 1178/1579/323 1150/1577/323 1142/1580/323 1175/1581/323
f 1142/1580/323 1140/1497/323 1169/1582/323 1168/1583/323
f 1185/1576/323 1187/1584/323 1184/1585/323 1183/1574/323
f 1178/1579/323 1177/1578/323 1150/1577/323
f 1147/1568/323 1144/1586/323 1179/1587/323 1181/1588/323
f 1144/1586/323 1148/1494/323 1180/1496/323 1179/1587/323
f 1147/1568/323 1181/1588/323 1189/1589/323 1191/1590/323
f 1191/1590/323 1189/1589/323 1190/1591/323 1188/1592/323
f 1175/1581/323 1142/1580/323 1176/1593/323
f 1142/1580/323 1187/1584/323 1188/1592/323 1190/1591/323 1176/1593/323
f 1142/1580/323 1168/1583/323 1167/1594/323
f 1187/1584/323 1142/1580/323 1167/1594/323 1184/1585/323
f 1140/1497/323 1166/1500/323 1169/1582/323
f 1173/1569/323 1147/1568/323 1191/1590/323
f 1170/1570/323 1186/1575/323 1156/1571/323
f 1162/1595/323 1152/1573/323 1164/1596/323
f 1155/1498/323 1152/1573/323 1162/1595/323 1163/1597/323
f 1165/1499/323 1155/1498/323 1163/1597/323
f 1164/1596/323 1152/1573/323 1192/1572/323 1183/1574/323
f 1186/1575/323 1192/1572/323 1156/1571/323
f 1221/1598/323 1216/1599/323 1105/1447/323 1102/1422/323
f 1223/1600/323 1221/1598/323 1102/1422/323 1213/1601/323
f 1231/1602/323 1229/1449/323 1227/1428/323 1233/1457/323
f 1246/1603/323 1215/1428/323 1248/1429/323
f 1208/1434/330 1198/1435/330 1195/1604/330 1212/1437/330
f 1087/1431/324 1198/1605/324 1208/1606/324 1097/1432/324
f 1214/1607/367 1213/1601/367 1208/1608/367 1212/1609/367
f 1211/1431/326 1212/1605/326 1195/1606/326 1194/1432/326
f 1213/1601/327 1102/1422/327 1097/1439/327 1208/1608/327
f 1206/1423/323 1231/1602/323 1233/1457/323 1205/1466/323
f 1219/1443/325 1215/1444/325 1227/1445/325 1203/1446/325
f 1105/1447/329 1214/1607/329 1212/1609/329 1211/1448/329
f 1205/1466/323 1203/1469/323 1201/1610/323 1206/1423/323
f 1225/1445/324 1219/1450/324 1203/1451/324 1205/1444/324
f 1229/1449/323 1201/1610/323 1203/1469/323 1227/1428/323
f 1216/1452/330 1221/1453/330 1201/1454/330 1229/1455/330
f 1235/1611/323 1218/1612/323 1244/1458/323
f 1217/1463/324 1216/1453/324 1229/1454/324 1231/1462/324
f 1217/1613/323 1223/1600/323 1213/1601/323 1214/1607/323
f 1221/1454/326 1223/1462/326 1206/1463/326 1201/1453/326
f 1216/1599/323 1217/1613/323 1214/1607/323 1105/1447/323
f 1218/1445/330 1225/1450/330 1205/1451/330 1233/1444/330
f 1223/1460/325 1217/1462/325 1231/1463/325 1206/1459/325
f 1218/1612/323 1235/1611/323 1237/1464/323
f 1239/1465/323 1225/1426/323 1241/1467/323
f 1247/1614/323 1219/1615/323 1240/1470/323
f 1215/1428/323 1219/1615/323 1247/1614/323 1248/1429/323
f 1245/1471/323 1215/1428/323 1246/1603/323
f 1243/1472/323 1244/1458/323 1218/1612/323
f 1242/1616/323 1241/1467/323 1225/1426/323
f 1225/1426/323 1218/1612/323 1237/1464/323 1242/1616/323
f 1215/1451/326 1218/1444/326 1233/1445/326 1227/1450/326
f 1245/1471/323 1243/1472/323 1218/1612/323 1215/1428/323
f 1240/1470/323 1219/1615/323 1225/1426/323 1239/1465/323
s 1
f 1237/1474/325 1235/1475/331 1249/1476/331 1251/1477/325
f 1241/1617/332 1242/1490/333 1259/1491/333 1257/1618/332
f 1243/1619/324 1245/1483/334 1265/1484/334 1261/1620/324
f 1248/1482/330 1247/1483/335 1269/1484/335 1270/1485/330
f 1242/1488/333 1237/1474/325 1251/1477/325 1259/1489/333
f 1239/1474/326 1241/1617/332 1257/1618/332 1253/1477/326
f 1235/1475/331 1244/1490/336 1264/1491/336 1249/1476/331
f 1246/1491/337 1248/1482/330 1270/1485/330 1268/1490/337
f 1240/1488/338 1239/1474/326 1253/1477/326 1256/1489/338
f 1244/1621/336 1243/1619/324 1261/1620/324 1264/1622/336
f 1245/1483/334 1246/1489/337 1268/1488/337 1265/1484/334
f 1247/1483/335 1240/1489/338 1256/1488/338 1269/1484/335
s 0
f 1257/1623/323 1291/1624/323 1289/1625/323
f 1249/1573/323 1264/1571/323 1274/1626/323 1275/1627/323
f 1280/1628/323 1268/1566/323 1270/1568/323 1283/1629/323
s 1
f 1207/1505/339 1193/1506/340 1273/1507/340 1292/1508/339
f 1204/1509/341 1207/1630/339 1292/1631/339 1293/1512/341
f 1200/1513/342 1210/1508/343 1277/1505/343 1278/1514/342
f 1210/1515/343 1209/1516/344 1276/1517/344 1277/1518/343
f 1193/1506/340 1197/1519/345 1271/1520/345 1273/1507/340
f 1197/1511/345 1196/1555/346 1272/1554/346 1271/1510/345
f 1202/1523/347 1200/1513/342 1278/1514/342 1275/1524/347
f 1199/1557/348 1202/1518/347 1275/1515/347 1274/1556/348
s 0
f 1200/1529/323 1202/1632/323 1199/1560/323 1196/1561/323 1197/1562/323 1193/1633/323 1207/1535/323 1204/1563/323 1209/1564/323 1210/1634/323
s 1
f 1272/1554/346 1196/1555/346 1199/1557/348 1274/1556/348
f 1276/1517/344 1209/1516/344 1204/1509/341 1293/1512/341
f 1234/1539/349 1220/1540/330 1283/1541/330 1281/1542/349
f 1232/1635/350 1234/1544/349 1281/1545/349 1282/1636/350
f 1228/1541/325 1238/1542/351 1297/1539/351 1296/1540/325
f 1238/1637/351 1236/1638/352 1300/1639/352 1297/1640/351
f 1220/1540/330 1224/1551/353 1280/1552/353 1283/1541/330
f 1224/1545/353 1222/1636/354 1279/1635/354 1280/1544/353
f 1230/1552/355 1228/1541/325 1296/1540/325 1294/1551/355
f 1226/1639/356 1230/1640/355 1294/1637/355 1295/1638/356
s 0
f 1226/1531/323 1222/1532/323 1224/1533/323 1220/1534/323 1234/1553/323 1232/1536/323 1236/1537/323 1238/1538/323 1228/1529/323 1230/1530/323
s 1
f 1279/1635/354 1222/1636/354 1226/1639/356 1295/1638/356
f 1300/1639/352 1236/1638/352 1232/1635/350 1282/1636/350
f 1263/1505/357 1250/1514/358 1290/1513/358 1288/1508/357
f 1262/1522/359 1263/1510/357 1288/1511/357 1289/1521/359
f 1258/1507/360 1267/1508/361 1286/1505/361 1287/1506/360
f 1286/1518/361 1267/1515/361 1266/1528/362 1291/1525/362
f 1250/1514/358 1254/1519/363 1298/1520/363 1290/1513/358
f 1254/1511/363 1252/1558/364 1299/1559/364 1298/1510/363
f 1260/1520/365 1258/1507/360 1287/1506/360 1284/1519/365
f 1255/1517/366 1260/1526/365 1284/1527/365 1285/1516/366
s 0
f 1255/1531/323 1252/1532/323 1254/1533/323 1250/1534/323 1263/1553/323 1262/1536/323 1266/1537/323 1267/1641/323 1258/1529/323 1260/1530/323
s 1
f 1252/1558/364 1255/1517/366 1285/1516/366 1299/1559/364
f 1291/1525/362 1266/1528/362 1262/1522/359 1289/1521/359
s 0
f 1283/1629/323 1270/1568/323 1269/1642/323 1281/1643/323
f 1281/1643/323 1269/1642/323 1256/1494/323 1282/1644/323
f 1279/1645/323 1265/1503/323 1268/1566/323 1280/1628/323
f 1301/1646/323 1261/1502/323 1265/1503/323
f 1292/1647/323 1301/1646/323 1295/1648/323 1294/1649/323
f 1259/1497/323 1286/1650/323 1291/1624/323 1257/1623/323
f 1287/1651/323 1259/1497/323 1251/1652/323 1284/1653/323
f 1251/1652/323 1249/1573/323 1278/1654/323 1277/1655/323
f 1294/1649/323 1296/1656/323 1293/1657/323 1292/1647/323
f 1287/1651/323 1286/1650/323 1259/1497/323
f 1256/1494/323 1253/1658/323 1288/1659/323 1290/1660/323
f 1253/1658/323 1257/1623/323 1289/1625/323 1288/1659/323
f 1256/1494/323 1290/1660/323 1298/1661/323 1300/1662/323
f 1300/1662/323 1298/1661/323 1299/1663/323 1297/1664/323
f 1284/1653/323 1251/1652/323 1285/1665/323
f 1251/1652/323 1296/1656/323 1297/1664/323 1299/1663/323 1285/1665/323
f 1251/1652/323 1277/1655/323 1276/1666/323
f 1296/1656/323 1251/1652/323 1276/1666/323 1293/1657/323
f 1249/1573/323 1275/1627/323 1278/1654/323
f 1282/1644/323 1256/1494/323 1300/1662/323
f 1279/1645/323 1295/1648/323 1265/1503/323
f 1271/1667/323 1261/1502/323 1273/1668/323
f 1264/1571/323 1261/1502/323 1271/1667/323 1272/1669/323
f 1274/1626/323 1264/1571/323 1272/1669/323
f 1273/1668/323 1261/1502/323 1301/1646/323 1292/1647/323
f 1295/1648/323 1301/1646/323 1265/1503/323
o Double_Socket_4
v 9.000334 -0.068333 5.220037
v 9.000334 -0.068333 5.266704
v 9.000000 -0.148333 5.330000
v 9.000334 -0.073021 5.268645
v 9.000334 -0.073021 5.221979
v 9.000334 -0.074963 5.273334
v 9.000000 -0.148333 5.170000
v 9.000334 -0.073021 5.278021
v 9.000334 -0.074963 5.226667
v 9.017667 -0.129185 5.189148
v 9.017667 -0.127762 5.190571
v 9.000334 -0.068333 5.279963
v 9.000334 -0.073021 5.231355
v 9.000334 -0.063645 5.278021
v 9.017667 -0.008904 5.190571
v 9.017667 -0.007482 5.189148
v 9.000334 -0.061703 5.273334
v 9.013333 0.000000 5.170000
v 9.000334 -0.068333 5.233296
v 9.000334 -0.063645 5.268645
v 9.013333 -0.148333 5.170000
v 9.000334 -0.063645 5.231355
v 9.013333 -0.148333 5.330000
v 9.018333 0.000000 5.180000
v 9.000334 -0.061703 5.226667
v 9.018333 -0.138333 5.180000
v 9.000334 -0.063645 5.221979
v 9.018333 -0.138333 5.320000
v 9.018333 0.000000 5.320000
v 9.018333 -0.127762 5.309429
v 9.018333 -0.129185 5.310852
v 9.018333 -0.007482 5.310852
v 9.018333 -0.008904 5.309429
v 9.018333 -0.127762 5.190571
v 9.018333 -0.129185 5.189148
v 9.018333 -0.007482 5.189148
v 9.018333 -0.008904 5.190571
v 9.017667 -0.127762 5.309429
v 9.017667 -0.129185 5.310852
v 9.017667 -0.007482 5.310852
v 9.017667 -0.008904 5.309429
v 9.018333 -0.029533 5.272401
v 9.018333 -0.023531 5.250000
v 9.018333 -0.068333 5.205198
v 9.018333 -0.090734 5.211200
v 9.018333 -0.045932 5.211200
v 9.018333 -0.029533 5.227599
v 9.018333 -0.068333 5.294802
v 9.018333 -0.045932 5.288800
v 9.018333 -0.090734 5.288800
v 9.018333 -0.107133 5.272401
v 9.018333 -0.107133 5.227599
v 9.018333 -0.113135 5.250000
v 9.005000 -0.029533 5.272401
v 9.005000 -0.023531 5.250000
v 9.005000 -0.068333 5.205198
v 9.005000 -0.090734 5.211200
v 9.005000 -0.045932 5.211200
v 9.005000 -0.029533 5.227599
v 9.005000 -0.068333 5.294802
v 9.005000 -0.045932 5.288800
v 9.005000 -0.090734 5.288800
v 9.005000 -0.107133 5.272401
v 9.005000 -0.107133 5.227599
v 9.005000 -0.113135 5.250000
v 9.005000 -0.056604 5.250000
v 9.005000 -0.058546 5.245312
v 9.005000 -0.058546 5.254688
v 9.005000 -0.069864 5.250000
v 9.005000 -0.063234 5.243370
v 9.005000 -0.067922 5.245312
v 9.005000 -0.067922 5.254688
v 9.005000 -0.063234 5.256630
v 9.000334 -0.058546 5.245312
v 9.000334 -0.056604 5.250000
v 9.000334 -0.058546 5.254688
v 9.000334 -0.063234 5.256630
v 9.000334 -0.067922 5.254688
v 9.000334 -0.069864 5.250000
v 9.000334 -0.067922 5.245312
v 9.000334 -0.063234 5.243370
v 9.005000 -0.068333 5.233296
v 9.005000 -0.073021 5.231355
v 9.005000 -0.073021 5.221979
v 9.005000 -0.068333 5.220037
v 9.005000 -0.074963 5.226667
v 9.005000 -0.063645 5.231355
v 9.005000 -0.063645 5.221979
v 9.005000 -0.061703 5.226667
v 9.005000 -0.063645 5.278021
v 9.005000 -0.063645 5.268645
v 9.005000 -0.061703 5.273334
v 9.005000 -0.068333 5.279963
v 9.005000 -0.068333 5.266704
v 9.005000 -0.073021 5.278021
v 9.005000 -0.074963 5.273334
v 9.005000 -0.073021 5.268645
v 9.000334 0.068333 5.220037
v 9.000334 0.068333 5.266704
v 9.000000 0.000000 5.330000
v 9.000000 0.148333 5.330000
v 9.000334 0.063645 5.268645
v 9.000334 0.063645 5.221979
v 9.000334 0.061703 5.273334
v 9.000000 0.000000 5.170000
v 9.000000 0.148333 5.170000
v 9.000334 0.063645 5.278021
v 9.000334 0.061703 5.226667
v 9.017667 0.007482 5.189148
v 9.017667 0.008904 5.190571
v 9.000334 0.068333 5.279963
v 9.000334 0.063645 5.231355
v 9.000334 0.073021 5.278021
v 9.017667 0.127762 5.190571
v 9.017667 0.129185 5.189148
v 9.000334 0.074963 5.273334
v 9.013333 0.148333 5.170000
v 9.000334 0.068333 5.233296
v 9.000334 0.073021 5.268645
v 9.000334 0.073021 5.231355
v 9.013333 0.000000 5.330000
v 9.013333 0.148333 5.330000
v 9.018333 0.138333 5.180000
v 9.000334 0.074963 5.226667
v 9.000334 0.073021 5.221979
v 9.018333 0.138333 5.320000
v 9.018333 0.008904 5.309429
v 9.018333 0.007482 5.310852
v 9.018333 0.129185 5.310852
v 9.018333 0.127762 5.309429
v 9.018333 0.008904 5.190571
v 9.018333 0.007482 5.189148
v 9.018333 0.129185 5.189148
v 9.018333 0.127762 5.190571
v 9.017667 0.008904 5.309429
v 9.017667 0.007482 5.310852
v 9.017667 0.129185 5.310852
v 9.017667 0.127762 5.309429
v 9.018333 0.107133 5.272401
v 9.018333 0.113135 5.250000
v 9.018333 0.068333 5.205198
v 9.018333 0.045932 5.211200
v 9.018333 0.090734 5.211200
v 9.018333 0.107133 5.227599
v 9.018333 0.068333 5.294802
v 9.018333 0.090734 5.288800
v 9.018333 0.045932 5.288800
v 9.018333 0.029533 5.272401
v 9.018333 0.029533 5.227599
v 9.018333 0.023531 5.250000
v 9.005000 0.107133 5.272401
v 9.005000 0.113135 5.250000
v 9.005000 0.068333 5.205198
v 9.005000 0.045932 5.211200
v 9.005000 0.090734 5.211200
v 9.005000 0.107133 5.227599
v 9.005000 0.068333 5.294802
v 9.005000 0.090734 5.288800
v 9.005000 0.045932 5.288800
v 9.005000 0.029533 5.272401
v 9.005000 0.029533 5.227599
v 9.005000 0.023531 5.250000
v 9.005000 0.080062 5.250000
v 9.005000 0.078121 5.245312
v 9.005000 0.078121 5.254688
v 9.005000 0.066803 5.250000
v 9.005000 0.073433 5.243370
v 9.005000 0.068745 5.245312
v 9.005000 0.068745 5.254688
v 9.005000 0.073433 5.256630
v 9.000334 0.078121 5.245312
v 9.000334 0.080062 5.250000
v 9.000334 0.078121 5.254688
v 9.000334 0.073433 5.256630
v 9.000334 0.068745 5.254688
v 9.000334 0.066803 5.250000
v 9.000334 0.068745 5.245312
v 9.000334 0.073433 5.243370
v 9.005000 0.068333 5.233296
v 9.005000 0.063645 5.231355
v 9.005000 0.063645 5.221979
v 9.005000 0.068333 5.220037
v 9.005000 0.061703 5.226667
v 9.005000 0.073021 5.231355
v 9.005000 0.073021 5.221979
v 9.005000 0.074963 5.226667
v 9.005000 0.073021 5.278021
v 9.005000 0.068333 5.279963
v 9.005000 0.073021 5.268645
v 9.005000 0.074963 5.273334
v 9.005000 0.068333 5.266704
v 9.005000 0.063645 5.278021
v 9.005000 0.061703 5.273334
v 9.005000 0.063645 5.268645
vn 1.0000 -0.0000 -0.0000
vn -0.0000 -0.0000 -1.0000
vn -0.0000 -1.0000 -0.0000
vn -0.0000 -0.0000 1.0000
vn 0.8944 -0.0000 -0.4472
vn 0.8944 -0.4472 -0.0000
vn 0.8944 -0.0000 0.4472
vn -0.0000 1.0000 -0.0000
vn -0.0000 -0.8660 -0.5000
vn -0.0000 -0.5000 0.8660
vn -0.0000 -0.8660 0.5000
vn -0.0000 0.5000 -0.8660
vn -0.0000 0.8660 0.5000
vn -0.0000 -0.5000 -0.8660
vn -0.0000 0.8660 -0.5000
vn -0.0000 0.5000 0.8660
vn -0.0000 -0.7071 -0.7071
vn -0.0000 0.7071 -0.7071
vn -0.0000 0.7071 0.7071
vn -0.0000 -0.7071 0.7071
vn 0.8944 0.4472 -0.0000
vt 0.779145 0.319977
vt 0.845120 0.319977
vt 0.850080 0.324937
vt 0.774185 0.324937
vt 0.779145 0.254002
vt 0.774185 0.249946
vt 0.779145 0.179613
vt 0.845120 0.179613
vt 0.844349 0.181257
vt 0.779916 0.181257
vt 0.833166 0.224055
vt 0.844349 0.181257
vt 0.836420 0.249946
vt 0.808519 0.330358
vt 0.808519 0.249946
vt 0.815746 0.249946
vt 0.815746 0.330358
vt 0.815746 0.293314
vt 0.808519 0.293314
vt 0.808519 0.206578
vt 0.815746 0.206578
vt 0.768764 0.330358
vt 0.768764 0.249946
vt 0.855501 0.330358
vt 0.779145 0.320279
vt 0.779916 0.318634
vt 0.811952 0.282162
vt 0.811952 0.217729
vt 0.812313 0.217729
vt 0.812313 0.282162
vt 0.850080 0.249946
vt 0.855501 0.249946
vt 0.844349 0.318634
vt 0.845120 0.320279
vt 0.812313 0.217729
vt 0.811952 0.217729
vt 0.812313 0.216958
vt 0.812313 0.282934
vt 0.811952 0.282934
vt 0.811952 0.216958
vt 0.791099 0.224055
vt 0.799989 0.205101
vt 0.812313 0.216958
vt 0.811952 0.216958
vt 0.845120 0.254002
vt 0.811952 0.282162
vt 0.811952 0.217729
vt 0.787845 0.249946
vt 0.812133 0.301729
vt 0.799989 0.294791
vt 0.833166 0.275837
vt 0.824276 0.294791
vt 0.824276 0.205101
vt 0.812133 0.198163
vt 0.791099 0.275837
vt 0.808519 0.249946
vt 0.808519 0.237802
vt 0.815746 0.237802
vt 0.815746 0.249946
vt 0.808519 0.242247
vt 0.808519 0.233357
vt 0.815746 0.233357
vt 0.815746 0.242247
vt 0.815746 0.254391
vt 0.815746 0.266535
vt 0.808519 0.266535
vt 0.808519 0.254391
vt 0.815746 0.262090
vt 0.808519 0.262090
vt 0.808519 0.254391
vt 0.815746 0.254391
vt 0.815746 0.242247
vt 0.808519 0.242247
vt 0.815746 0.228912
vt 0.808519 0.228912
vt 0.815746 0.270979
vt 0.808519 0.270979
vt 0.810868 0.247405
vt 0.813397 0.247405
vt 0.813397 0.249946
vt 0.810868 0.249946
vt 0.813397 0.249946
vt 0.810868 0.252487
vt 0.813397 0.252487
vt 0.813397 0.249946
vt 0.810868 0.249946
vt 0.810868 0.247405
vt 0.813397 0.247405
vt 0.810868 0.249946
vt 0.808812 0.251321
vt 0.808812 0.248571
vt 0.810757 0.246625
vt 0.813508 0.246625
vt 0.815453 0.248571
vt 0.815453 0.251321
vt 0.813508 0.253266
vt 0.810757 0.253266
vt 0.821077 0.237408
vt 0.829306 0.232772
vt 0.823618 0.238460
vt 0.794959 0.267120
vt 0.800647 0.261432
vt 0.803188 0.262484
vt 0.799594 0.258890
vt 0.815453 0.248571
vt 0.835592 0.243660
vt 0.823618 0.243543
vt 0.824671 0.241002
vt 0.818535 0.238460
vt 0.818419 0.226486
vt 0.805847 0.273406
vt 0.805730 0.261432
vt 0.800647 0.256349
vt 0.788673 0.256232
vt 0.813772 0.247991
vt 0.812719 0.245450
vt 0.818535 0.243543
vt 0.821077 0.244596
vt 0.810178 0.244397
vt 0.817483 0.241002
vt 0.810178 0.251585
vt 0.806782 0.258890
vt 0.805730 0.256349
vt 0.807636 0.250533
vt 0.806584 0.247991
vt 0.803188 0.255296
vt 0.835592 0.256232
vt 0.829306 0.267120
vt 0.818419 0.273406
vt 0.812719 0.250533
vt 0.805847 0.226486
vt 0.794959 0.232772
vt 0.788673 0.243660
vt 0.807636 0.245450
vt 0.779145 0.245890
vt 0.845120 0.245890
vt 0.779145 0.179915
vt 0.774185 0.174955
vt 0.844349 0.181258
vt 0.808519 0.169534
vt 0.815746 0.169534
vt 0.850080 0.174955
vt 0.768764 0.169534
vt 0.855501 0.169534
vt 0.811952 0.217729
vt 0.845120 0.179915
vt 0.808519 0.237802
vt 0.808519 0.228913
vt 0.815746 0.228913
vt 0.815746 0.237802
vt 0.815746 0.249946
vt 0.808519 0.249946
vt 0.813508 0.246625
vt 0.826148 0.243560
vt 0.827822 0.245742
vt 0.796443 0.254150
vt 0.798117 0.256332
vt 0.796802 0.251423
vt 0.808812 0.248571
vt 0.825281 0.250144
vt 0.827463 0.248469
vt 0.823420 0.243201
vt 0.829306 0.232772
vt 0.794959 0.267120
vt 0.800845 0.256691
vt 0.798984 0.249748
vt 0.788673 0.243660
vt 0.814530 0.249073
vt 0.814889 0.246346
vt 0.820879 0.247602
vt 0.822554 0.249785
vt 0.813214 0.244163
vt 0.821238 0.244875
vt 0.809620 0.250388
vt 0.803027 0.255017
vt 0.803386 0.252290
vt 0.807945 0.248206
vt 0.808305 0.245479
vt 0.801712 0.250107
vt 0.812347 0.250747
vt 0.805847 0.226486
vt 0.794959 0.232772
vt 0.810487 0.243804
s 0
usemtl Backrooms
f 1336/1670/368 1332/1671/368 1329/1672/368 1327/1673/368
f 1337/1674/368 1336/1670/368 1327/1673/368 1325/1675/368
f 1341/1676/368 1340/1677/368 1339/1678/368 1342/1679/368
f 1352/1680/368 1331/1681/368 1354/1682/368
f 1308/1683/369 1406/1684/369 1319/1685/369 1322/1686/369
f 1308/1687/370 1322/1688/370 1324/1689/370 1304/1690/370
f 1324/1683/371 1422/1684/371 1401/1685/371 1304/1686/371
f 1325/1675/372 1327/1673/372 1322/1691/372 1319/1692/372
f 1327/1673/373 1329/1672/373 1324/1693/373 1322/1691/373
f 1317/1694/368 1341/1676/368 1342/1679/368 1316/1695/368
f 1335/1696/370 1331/1697/370 1339/1698/370 1312/1699/370
f 1329/1672/374 1330/1700/374 1422/1701/374 1324/1693/374
f 1316/1695/368 1312/1702/368 1311/1703/368 1317/1694/368
f 1338/1704/369 1335/1699/369 1312/1696/369 1316/1705/369
f 1340/1677/368 1311/1703/368 1312/1702/368 1339/1678/368
f 1332/1706/375 1336/1707/375 1311/1708/375 1340/1709/375
f 1343/1710/368 1334/1679/368 1350/1711/368
f 1333/1712/369 1332/1707/369 1340/1708/369 1341/1713/369
f 1333/1714/368 1337/1674/368 1325/1675/368 1330/1700/368
f 1336/1708/371 1337/1713/371 1317/1712/371 1311/1707/371
f 1332/1671/368 1333/1714/368 1330/1700/368 1329/1672/368
f 1334/1704/375 1338/1699/375 1316/1715/375 1342/1716/375
f 1337/1708/370 1333/1713/370 1341/1712/370 1317/1707/370
f 1334/1679/368 1343/1710/368 1344/1717/368
f 1345/1718/368 1338/1695/368 1347/1719/368
f 1353/1720/368 1335/1702/368 1346/1721/368
f 1331/1681/368 1335/1702/368 1353/1720/368 1354/1682/368
f 1351/1722/368 1331/1681/368 1352/1680/368
f 1349/1723/368 1350/1711/368 1334/1679/368
f 1348/1724/368 1347/1719/368 1338/1695/368
f 1338/1695/368 1334/1679/368 1344/1717/368 1348/1724/368
f 1331/1696/371 1334/1705/371 1342/1704/371 1339/1699/371
f 1351/1722/368 1349/1723/368 1334/1679/368 1331/1681/368
f 1346/1721/368 1335/1702/368 1338/1695/368 1345/1718/368
s 1
f 1344/1725/370 1343/1726/376 1355/1727/376 1356/1728/370
f 1347/1729/377 1348/1730/378 1360/1731/378 1359/1732/377
f 1349/1733/369 1351/1734/379 1363/1735/379 1361/1736/369
f 1354/1728/375 1353/1737/380 1365/1738/380 1366/1725/375
f 1348/1738/378 1344/1725/370 1356/1728/370 1360/1737/378
f 1345/1739/371 1347/1729/377 1359/1732/377 1357/1740/371
f 1343/1731/376 1350/1741/381 1362/1742/381 1355/1730/376
f 1352/1727/382 1354/1728/375 1366/1725/375 1364/1726/382
f 1346/1735/383 1345/1739/371 1357/1740/371 1358/1734/383
f 1350/1741/381 1349/1733/369 1361/1736/369 1362/1742/381
f 1351/1743/379 1352/1727/382 1364/1726/382 1363/1744/379
f 1353/1737/380 1346/1745/383 1358/1746/383 1365/1738/380
f 1369/1747/384 1377/1748/384 1376/1749/370 1367/1750/370
f 1374/1751/369 1378/1750/369 1377/1747/384 1369/1748/384
f 1379/1752/385 1378/1750/369 1374/1751/369 1373/1753/385
f 1370/1754/375 1380/1755/375 1379/1756/385 1373/1757/385
f 1372/1753/386 1381/1752/386 1380/1755/375 1370/1754/375
f 1371/1758/371 1382/1751/371 1381/1753/386 1372/1752/386
f 1368/1747/387 1375/1748/387 1382/1751/371 1371/1758/371
s 0
f 1380/1759/368 1381/1760/368 1382/1761/368 1375/1762/368 1376/1763/368 1377/1764/368 1378/1765/368 1379/1766/368
s 1
f 1367/1750/370 1376/1749/370 1375/1753/387 1368/1752/387
s 0
f 1391/1767/368 1361/1768/368 1394/1769/368
f 1357/1770/368 1386/1771/368 1385/1772/368
f 1389/1773/368 1386/1771/368 1357/1770/368
s 1
f 1386/1750/371 1302/1749/371 1306/1753/386 1385/1752/386
f 1385/1753/386 1306/1752/386 1310/1750/375 1387/1749/375
f 1387/1749/375 1310/1750/375 1314/1756/385 1384/1757/385
f 1314/1752/385 1320/1750/369 1383/1749/369 1384/1753/385
f 1383/1749/369 1320/1750/369 1323/1756/384 1388/1757/384
f 1388/1756/384 1323/1757/384 1326/1749/370 1390/1750/370
f 1390/1750/370 1326/1749/370 1328/1753/387 1389/1752/387
f 1389/1747/387 1328/1757/387 1302/1749/371 1386/1750/371
s 0
f 1310/1759/368 1306/1760/368 1302/1761/368 1328/1762/368 1326/1763/368 1323/1764/368 1320/1765/368 1314/1766/368
s 1
f 1395/1758/371 1303/1749/371 1305/1753/386 1398/1752/386
f 1305/1752/386 1307/1750/375 1397/1749/375 1398/1753/386
f 1307/1750/375 1309/1747/385 1396/1748/385 1397/1749/375
f 1396/1753/385 1309/1752/385 1313/1750/369 1394/1749/369
f 1394/1749/369 1313/1750/369 1315/1756/384 1391/1757/384
f 1315/1748/384 1318/1749/370 1393/1750/370 1391/1747/384
f 1318/1749/370 1321/1753/387 1392/1752/387 1393/1750/370
f 1392/1747/387 1321/1748/387 1303/1749/371 1395/1758/371
s 0
f 1315/1761/368 1313/1762/368 1309/1774/368 1307/1764/368 1305/1765/368 1303/1766/368 1321/1759/368 1318/1760/368
f 1363/1775/368 1397/1776/368 1396/1777/368
f 1393/1778/368 1362/1779/368 1361/1768/368 1391/1767/368
f 1361/1768/368 1363/1775/368 1396/1777/368 1394/1769/368
f 1358/1780/368 1357/1770/368 1385/1772/368 1387/1781/368
f 1390/1782/368 1389/1773/368 1357/1770/368 1359/1783/368
f 1373/1784/368 1374/1785/368 1395/1786/368 1398/1787/368
f 1369/1788/368 1392/1789/368 1395/1786/368 1374/1785/368
f 1372/1790/368 1384/1791/368 1383/1792/368 1371/1793/368
f 1368/1794/368 1371/1793/368 1383/1792/368 1388/1795/368
f 1364/1796/368 1366/1797/368 1373/1784/368 1398/1787/368
f 1365/1798/368 1384/1791/368 1372/1790/368 1366/1797/368
f 1370/1799/368 1373/1784/368 1366/1797/368 1372/1790/368
f 1358/1780/368 1387/1781/368 1384/1791/368 1365/1798/368
f 1364/1796/368 1398/1787/368 1397/1776/368 1363/1775/368
f 1355/1800/368 1392/1789/368 1369/1788/368 1356/1801/368
f 1360/1802/368 1356/1801/368 1368/1794/368 1388/1795/368
f 1360/1802/368 1388/1795/368 1390/1782/368 1359/1783/368
f 1362/1779/368 1393/1778/368 1392/1789/368 1355/1800/368
f 1367/1803/368 1368/1794/368 1356/1801/368 1369/1788/368
f 1433/1804/368 1429/1805/368 1330/1700/368 1325/1675/368
f 1434/1806/368 1433/1804/368 1325/1675/368 1424/1807/368
f 1438/1676/368 1437/1677/368 1436/1808/368 1439/1679/368
f 1449/1680/368 1428/1681/368 1451/1682/368
f 1418/1687/375 1407/1688/375 1402/1689/375 1423/1690/375
f 1406/1684/369 1407/1809/369 1418/1810/369 1319/1685/369
f 1427/1811/388 1424/1807/388 1418/1812/388 1423/1813/388
f 1422/1684/371 1423/1809/371 1402/1810/371 1401/1685/371
f 1424/1807/372 1325/1675/372 1319/1692/372 1418/1812/372
f 1416/1694/368 1438/1676/368 1439/1679/368 1415/1695/368
f 1432/1715/370 1428/1814/370 1436/1698/370 1411/1699/370
f 1330/1700/374 1427/1811/374 1423/1813/374 1422/1701/374
f 1415/1695/368 1411/1702/368 1410/1703/368 1416/1694/368
f 1435/1704/369 1432/1699/369 1411/1715/369 1415/1716/369
f 1437/1677/368 1410/1703/368 1411/1702/368 1436/1808/368
f 1429/1706/375 1433/1707/375 1410/1708/375 1437/1709/375
f 1440/1710/368 1431/1679/368 1447/1711/368
f 1430/1712/369 1429/1707/369 1437/1708/369 1438/1713/369
f 1430/1815/368 1434/1806/368 1424/1807/368 1427/1811/368
f 1433/1708/371 1434/1713/371 1416/1712/371 1410/1707/371
f 1429/1805/368 1430/1815/368 1427/1811/368 1330/1700/368
f 1431/1704/375 1435/1699/375 1415/1715/375 1439/1716/375
f 1434/1708/370 1430/1713/370 1438/1712/370 1416/1707/370
f 1431/1679/368 1440/1710/368 1441/1717/368
f 1442/1718/368 1435/1695/368 1444/1719/368
f 1450/1720/368 1432/1702/368 1443/1721/368
f 1428/1681/368 1432/1702/368 1450/1720/368 1451/1682/368
f 1448/1722/368 1428/1681/368 1449/1680/368
f 1446/1723/368 1447/1711/368 1431/1679/368
f 1445/1724/368 1444/1719/368 1435/1695/368
f 1435/1695/368 1431/1679/368 1441/1717/368 1445/1724/368
f 1428/1715/371 1431/1716/371 1439/1704/371 1436/1699/371
f 1448/1722/368 1446/1723/368 1431/1679/368 1428/1681/368
f 1443/1721/368 1432/1702/368 1435/1695/368 1442/1718/368
s 1
f 1441/1725/370 1440/1726/376 1452/1727/376 1453/1728/370
f 1444/1816/377 1445/1817/378 1457/1818/378 1456/1819/377
f 1446/1820/369 1448/1737/379 1460/1738/379 1458/1821/369
f 1451/1728/375 1450/1737/380 1462/1738/380 1463/1725/375
f 1445/1738/378 1441/1725/370 1453/1728/370 1457/1737/378
f 1442/1821/371 1444/1816/377 1456/1819/377 1454/1820/371
f 1440/1818/376 1447/1819/381 1459/1816/381 1452/1817/376
f 1449/1727/382 1451/1728/375 1463/1725/375 1461/1726/382
f 1443/1738/383 1442/1821/371 1454/1820/371 1455/1737/383
f 1447/1819/381 1446/1820/369 1458/1821/369 1459/1816/381
f 1448/1737/379 1449/1745/382 1461/1746/382 1460/1738/379
f 1450/1746/380 1443/1738/383 1455/1737/383 1462/1745/380
f 1466/1747/384 1474/1748/384 1473/1749/370 1464/1750/370
f 1471/1749/369 1475/1750/369 1474/1756/384 1466/1757/384
f 1476/1752/385 1475/1750/369 1471/1749/369 1470/1753/385
f 1467/1754/375 1477/1755/375 1476/1756/385 1470/1757/385
f 1469/1753/386 1478/1752/386 1477/1755/375 1467/1754/375
f 1468/1750/371 1479/1749/371 1478/1753/386 1469/1752/386
f 1465/1756/387 1472/1757/387 1479/1749/371 1468/1750/371
s 0
f 1477/1764/368 1478/1765/368 1479/1766/368 1472/1759/368 1473/1760/368 1474/1761/368 1475/1822/368 1476/1774/368
s 1
f 1464/1750/370 1473/1749/370 1472/1753/387 1465/1752/387
s 0
f 1488/1823/368 1458/1775/368 1489/1824/368
f 1454/1783/368 1483/1825/368 1482/1826/368
f 1486/1827/368 1483/1825/368 1454/1783/368
s 1
f 1483/1750/371 1399/1749/371 1404/1753/386 1482/1752/386
f 1482/1753/386 1404/1752/386 1409/1750/375 1484/1749/375
f 1484/1749/375 1409/1750/375 1413/1747/385 1481/1748/385
f 1413/1752/385 1419/1758/369 1480/1751/369 1481/1753/385
f 1480/1751/369 1419/1758/369 1421/1747/384 1485/1748/384
f 1485/1756/384 1421/1757/384 1425/1749/370 1487/1750/370
f 1487/1750/370 1425/1749/370 1426/1753/387 1486/1752/387
f 1486/1756/387 1426/1757/387 1399/1749/371 1483/1750/371
s 0
f 1409/1765/368 1404/1766/368 1399/1759/368 1426/1828/368 1425/1761/368 1421/1822/368 1419/1763/368 1413/1764/368
s 1
f 1492/1758/371 1400/1751/371 1403/1753/386 1495/1752/386
f 1403/1752/386 1405/1750/375 1494/1749/375 1495/1753/386
f 1405/1750/375 1408/1747/385 1493/1748/385 1494/1749/375
f 1493/1753/385 1408/1752/385 1412/1750/369 1489/1749/369
f 1489/1749/369 1412/1750/369 1414/1756/384 1488/1757/384
f 1414/1748/384 1417/1749/370 1491/1750/370 1488/1747/384
f 1417/1749/370 1420/1753/387 1490/1752/387 1491/1750/370
f 1490/1747/387 1420/1748/387 1400/1751/371 1492/1758/371
s 0
f 1414/1764/368 1412/1765/368 1408/1766/368 1405/1759/368 1403/1828/368 1400/1761/368 1420/1762/368 1417/1763/368
f 1460/1796/368 1494/1829/368 1493/1830/368
f 1491/1831/368 1459/1832/368 1458/1775/368 1488/1823/368
f 1458/1775/368 1460/1796/368 1493/1830/368 1489/1824/368
f 1455/1833/368 1454/1783/368 1482/1826/368 1484/1834/368
f 1487/1835/368 1486/1827/368 1454/1783/368 1456/1836/368
f 1470/1837/368 1471/1838/368 1492/1839/368 1495/1840/368
f 1466/1841/368 1490/1842/368 1492/1839/368 1471/1838/368
f 1469/1843/368 1481/1844/368 1480/1845/368 1468/1846/368
f 1465/1847/368 1468/1846/368 1480/1845/368 1485/1848/368
f 1461/1797/368 1463/1798/368 1470/1837/368 1495/1840/368
f 1462/1780/368 1481/1844/368 1469/1843/368 1463/1798/368
f 1467/1849/368 1470/1837/368 1463/1798/368 1469/1843/368
f 1455/1833/368 1484/1834/368 1481/1844/368 1462/1780/368
f 1461/1797/368 1495/1840/368 1494/1829/368 1460/1796/368
f 1452/1779/368 1490/1842/368 1466/1841/368 1453/1850/368
f 1457/1851/368 1453/1850/368 1465/1847/368 1485/1848/368
f 1457/1851/368 1485/1848/368 1487/1835/368 1456/1836/368
f 1459/1832/368 1491/1831/368 1490/1842/368 1452/1779/368
f 1464/1852/368 1465/1847/368 1453/1850/368 1466/1841/368
o Light
v 9.500000 0.000000 3.000000
v 8.500000 0.000000 3.000000
v 9.500000 0.000000 1.000000
v 8.500000 0.000000 1.000000
v 9.480000 0.020000 2.980000
v 8.520000 0.020000 2.980000
v 9.480000 0.020000 1.020000
v 8.520000 0.020000 1.020000
v 9.500000 0.020000 3.000000
v 8.500000 0.020000 3.000000
v 9.500000 0.020000 1.000000
v 8.500000 0.020000 1.000000
v 9.480000 0.030000 2.980000
v 8.520000 0.030000 2.980000
v 9.480000 0.030000 1.020000
v 8.520000 0.030000 1.020000
vn -0.0000 -1.0000 -0.0000
vn 1.0000 -0.0000 -0.0000
vn -0.0000 -0.0000 1.0000
vn -1.0000 -0.0000 -0.0000
vn -0.0000 -0.0000 -1.0000
vn -0.0000 1.0000 -0.0000
vt 0.772163 0.170006
vt 0.852103 0.170006
vt 0.852103 0.329886
vt 0.772163 0.329886
vt 0.206000 0.340000
vt 0.794000 0.340000
vt 0.812932 0.170006
vt 0.812932 0.329886
vt 0.811333 0.329886
vt 0.811333 0.170006
vt 0.812932 0.209976
vt 0.812932 0.289916
vt 0.811333 0.289916
vt 0.811333 0.209976
vt 0.850504 0.171605
vt 0.773762 0.171605
vt 0.852103 0.170006
vt 0.773762 0.328287
vt 0.850504 0.328287
vt 0.794000 0.660000
vt 0.206000 0.660000
s 0
usemtl Backrooms
f 1496/1853/389 1497/1854/389 1499/1855/389 1498/1856/389
f 1496/1859/390 1498/1860/390 1506/1861/390 1504/1862/390
f 1497/1863/391 1496/1864/391 1504/1865/391 1505/1866/391
f 1499/1859/392 1497/1860/392 1505/1861/392 1507/1862/392
f 1498/1863/393 1499/1864/393 1507/1865/393 1506/1866/393
f 1500/1867/394 1501/1868/394 1505/1853/394 1504/1869/394
f 1503/1870/394 1502/1871/394 1506/1855/394 1507/1856/394
f 1502/1871/394 1500/1867/394 1504/1869/394 1506/1855/394
f 1501/1868/394 1503/1870/394 1507/1856/394 1505/1853/394
usemtl Light
f 1500/1857/390 1502/1858/390 1510/1858/390 1508/1857/390
f 1508/1857/394 1510/1858/394 1511/1872/394 1509/1873/394
f 1501/1873/391 1500/1857/391 1508/1857/391 1509/1873/391
f 1503/1872/392 1501/1873/392 1509/1873/392 1511/1872/392
f 1502/1858/393 1503/1872/393 1511/1872/393 1510/1858/393
o Ventilation_Hole_1
v 8.980000 -0.300000 -0.800000
v 8.980000 0.300000 -0.800000
v 8.980000 -0.300000 -1.200000
v 8.980000 0.300000 -1.200000
v 9.020000 -0.280000 -0.820000
v 9.020000 0.280000 -0.820000
v 9.020000 -0.280000 -1.180000
v 9.020000 0.280000 -1.180000
v 9.020000 0.300000 -1.200000
v 9.020000 -0.300000 -1.200000
v 9.020000 -0.300000 -0.800000
v 9.020000 0.300000 -0.800000
v 8.980000 0.280000 -1.180000
v 8.980000 -0.280000 -1.180000
v 8.980000 -0.280000 -0.820000
v 8.980000 0.280000 -0.820000
v 8.990143 0.265631 -0.806927
v 9.000000 0.275489 -0.806927
v 8.990143 0.265631 -1.193073
v 9.000000 0.275489 -1.193073
v 9.000000 0.255774 -0.806927
v 9.009857 0.265631 -0.806927
v 9.000000 0.255774 -1.193073
v 9.009857 0.265631 -1.193073
v 8.990143 0.236059 -0.806927
v 9.000000 0.245916 -0.806927
v 8.990143 0.236059 -1.193073
v 9.000000 0.245916 -1.193073
v 9.000000 0.226201 -0.806927
v 9.009857 0.236059 -0.806927
v 9.000000 0.226201 -1.193073
v 9.009857 0.236059 -1.193073
v 8.990143 0.206486 -0.806927
v 9.000000 0.216344 -0.806927
v 8.990143 0.206486 -1.193073
v 9.000000 0.216344 -1.193073
v 9.000000 0.196629 -0.806927
v 9.009857 0.206486 -0.806927
v 9.000000 0.196629 -1.193073
v 9.009857 0.206486 -1.193073
v 8.990143 0.176914 -0.806927
v 9.000000 0.186771 -0.806927
v 8.990143 0.176914 -1.193073
v 9.000000 0.186771 -1.193073
v 9.000000 0.167056 -0.806927
v 9.009857 0.176914 -0.806927
v 9.000000 0.167056 -1.193073
v 9.009857 0.176914 -1.193073
v 8.990143 0.147341 -0.806927
v 9.000000 0.157199 -0.806927
v 8.990143 0.147341 -1.193073
v 9.000000 0.157199 -1.193073
v 9.000000 0.137484 -0.806927
v 9.009857 0.147341 -0.806927
v 9.000000 0.137484 -1.193073
v 9.009857 0.147341 -1.193073
v 8.990143 0.117769 -0.806927
v 9.000000 0.127626 -0.806927
v 8.990143 0.117769 -1.193073
v 9.000000 0.127626 -1.193073
v 9.000000 0.107911 -0.806927
v 9.009857 0.117769 -0.806927
v 9.000000 0.107911 -1.193073
v 9.009857 0.117769 -1.193073
v 8.990143 0.088196 -0.806927
v 9.000000 0.098054 -0.806927
v 8.990143 0.088196 -1.193073
v 9.000000 0.098054 -1.193073
v 9.000000 0.078339 -0.806927
v 9.009857 0.088196 -0.806927
v 9.000000 0.078339 -1.193073
v 9.009857 0.088196 -1.193073
v 8.990143 0.058624 -0.806927
v 9.000000 0.068481 -0.806927
v 8.990143 0.058624 -1.193073
v 9.000000 0.068481 -1.193073
v 9.000000 0.048766 -0.806927
v 9.009857 0.058624 -0.806927
v 9.000000 0.048766 -1.193073
v 9.009857 0.058624 -1.193073
v 8.990143 0.029052 -0.806927
v 9.000000 0.038909 -0.806927
v 8.990143 0.029052 -1.193073
v 9.000000 0.038909 -1.193073
v 9.000000 0.019194 -0.806927
v 9.009857 0.029052 -0.806927
v 9.000000 0.019194 -1.193073
v 9.009857 0.029052 -1.193073
v 8.990143 -0.000521 -0.806927
v 9.000000 0.009337 -0.806927
v 8.990143 -0.000521 -1.193073
v 9.000000 0.009337 -1.193073
v 9.000000 -0.010378 -0.806927
v 9.009857 -0.000521 -0.806927
v 9.000000 -0.010378 -1.193073
v 9.009857 -0.000521 -1.193073
v 8.990143 -0.030093 -0.806927
v 9.000000 -0.020236 -0.806927
v 8.990143 -0.030093 -1.193073
v 9.000000 -0.020236 -1.193073
v 9.000000 -0.039951 -0.806927
v 9.009857 -0.030093 -0.806927
v 9.000000 -0.039951 -1.193073
v 9.009857 -0.030093 -1.193073
v 8.990143 -0.059666 -0.806927
v 9.000000 -0.049808 -0.806927
v 8.990143 -0.059666 -1.193073
v 9.000000 -0.049808 -1.193073
v 9.000000 -0.069523 -0.806927
v 9.009857 -0.059666 -0.806927
v 9.000000 -0.069523 -1.193073
v 9.009857 -0.059666 -1.193073
v 8.990143 -0.089238 -0.806927
v 9.000000 -0.079381 -0.806927
v 8.990143 -0.089238 -1.193073
v 9.000000 -0.079381 -1.193073
v 9.000000 -0.099096 -0.806927
v 9.009857 -0.089238 -0.806927
v 9.000000 -0.099096 -1.193073
v 9.009857 -0.089238 -1.193073
v 8.990143 -0.118811 -0.806927
v 9.000000 -0.108953 -0.806927
v 8.990143 -0.118811 -1.193073
v 9.000000 -0.108953 -1.193073
v 9.000000 -0.128668 -0.806927
v 9.009857 -0.118811 -0.806927
v 9.000000 -0.128668 -1.193073
v 9.009857 -0.118811 -1.193073
v 8.990143 -0.148383 -0.806927
v 9.000000 -0.138526 -0.806927
v 8.990143 -0.148383 -1.193073
v 9.000000 -0.138526 -1.193073
v 9.000000 -0.158241 -0.806927
v 9.009857 -0.148383 -0.806927
v 9.000000 -0.158241 -1.193073
v 9.009857 -0.148383 -1.193073
v 8.990143 -0.177956 -0.806927
v 9.000000 -0.168098 -0.806927
v 8.990143 -0.177956 -1.193073
v 9.000000 -0.168098 -1.193073
v 9.000000 -0.187813 -0.806927
v 9.009857 -0.177956 -0.806927
v 9.000000 -0.187813 -1.193073
v 9.009857 -0.177956 -1.193073
v 8.990143 -0.207528 -0.806927
v 9.000000 -0.197671 -0.806927
v 8.990143 -0.207528 -1.193073
v 9.000000 -0.197671 -1.193073
v 9.000000 -0.217386 -0.806927
v 9.009857 -0.207528 -0.806927
v 9.000000 -0.217386 -1.193073
v 9.009857 -0.207528 -1.193073
v 8.990143 -0.237101 -0.806927
v 9.000000 -0.227243 -0.806927
v 8.990143 -0.237101 -1.193073
v 9.000000 -0.227243 -1.193073
v 9.000000 -0.246958 -0.806927
v 9.009857 -0.237101 -0.806927
v 9.000000 -0.246958 -1.193073
v 9.009857 -0.237101 -1.193073
v 8.990143 -0.266673 -0.806927
v 9.000000 -0.256815 -0.806927
v 8.990143 -0.266673 -1.193073
v 9.000000 -0.256815 -1.193073
v 9.000000 -0.276530 -0.806927
v 9.009857 -0.266673 -0.806927
v 9.000000 -0.276530 -1.193073
v 9.009857 -0.266673 -1.193073
vn -0.0000 -0.0000 -1.0000
vn -0.0000 -1.0000 -0.0000
vn -0.0000 -0.0000 1.0000
vn -0.0000 1.0000 -0.0000
vn 1.0000 -0.0000 -0.0000
vn 0.7071 -0.7071 -0.0000
vn 0.7071 0.7071 -0.0000
vt 0.806772 0.163751
vt 0.806772 0.002931
vt 0.817493 0.002931
vt 0.817493 0.163751
vt 0.806772 0.131587
vt 0.806772 0.035095
vt 0.817493 0.035095
vt 0.817493 0.131587
vt 0.817493 0.136948
vt 0.806772 0.136948
vt 0.806772 0.029734
vt 0.817493 0.029734
vt 0.806772 0.029734
vt 0.817493 0.029734
vt 0.763886 0.008291
vt 0.763886 0.158391
vt 0.758526 0.163751
vt 0.758526 0.002931
vt 0.860379 0.158391
vt 0.865739 0.163751
vt 0.860379 0.008291
vt 0.865739 0.002931
vt 0.806772 0.158391
vt 0.806772 0.008291
vt 0.817493 0.008291
vt 0.817493 0.158391
vt 0.813454 0.135091
vt 0.810811 0.135091
vt 0.810811 0.031591
vt 0.813454 0.031591
vt 0.810811 0.031591
vt 0.813454 0.031591
vt 0.814775 0.135091
vt 0.812133 0.135091
vt 0.812133 0.031591
vt 0.814775 0.031591
vt 0.809490 0.135091
vt 0.809490 0.031591
s 0
usemtl Backrooms
f 1514/1874/395 1515/1875/395 1520/1876/395 1521/1877/395
f 1519/1878/396 1517/1879/396 1527/1880/396 1524/1881/396
f 1522/1874/397 1523/1875/397 1513/1876/397 1512/1877/397
f 1514/1882/396 1521/1883/396 1522/1884/396 1512/1885/396
f 1520/1882/398 1515/1883/398 1513/1886/398 1523/1887/398
f 1519/1888/399 1518/1889/399 1521/1890/399 1520/1891/399
f 1518/1889/399 1516/1892/399 1522/1893/399 1521/1890/399
f 1517/1894/399 1519/1888/399 1520/1891/399 1523/1895/399
f 1516/1892/399 1517/1894/399 1523/1895/399 1522/1893/399
f 1525/1889/399 1524/1888/399 1527/1894/399 1526/1892/399
f 1518/1896/397 1519/1897/397 1524/1898/397 1525/1899/397
f 1517/1898/395 1516/1899/395 1526/1896/395 1527/1897/395
f 1516/1880/398 1518/1881/398 1525/1878/398 1526/1879/398
f 1534/1900/400 1535/1901/400 1533/1902/400 1532/1903/400
f 1535/1900/401 1531/1901/401 1529/1902/401 1533/1903/401
f 1542/1900/400 1543/1901/400 1541/1904/400 1540/1905/400
f 1543/1900/401 1539/1901/401 1537/1902/401 1541/1903/401
f 1550/1900/400 1551/1901/400 1549/1904/400 1548/1905/400
f 1551/1900/401 1547/1901/401 1545/1902/401 1549/1903/401
f 1558/1900/400 1559/1901/400 1557/1902/400 1556/1903/400
f 1559/1900/401 1555/1901/401 1553/1902/401 1557/1903/401
f 1566/1900/400 1567/1901/400 1565/1902/400 1564/1903/400
f 1567/1900/401 1563/1901/401 1561/1902/401 1565/1903/401
f 1574/1900/400 1575/1901/400 1573/1902/400 1572/1903/400
f 1575/1900/401 1571/1901/401 1569/1902/401 1573/1903/401
f 1582/1900/400 1583/1901/400 1581/1902/400 1580/1903/400
f 1583/1900/401 1579/1901/401 1577/1902/401 1581/1903/401
f 1590/1900/400 1591/1901/400 1589/1902/400 1588/1903/400
f 1591/1900/401 1587/1901/401 1585/1902/401 1589/1903/401
f 1598/1900/400 1599/1901/400 1597/1902/400 1596/1903/400
f 1599/1900/401 1595/1901/401 1593/1902/401 1597/1903/401
f 1606/1900/400 1607/1901/400 1605/1902/400 1604/1903/400
f 1607/1900/401 1603/1901/401 1601/1902/401 1605/1903/401
f 1614/1900/400 1615/1901/400 1613/1902/400 1612/1903/400
f 1615/1900/401 1611/1901/401 1609/1902/401 1613/1903/401
f 1622/1900/400 1623/1901/400 1621/1902/400 1620/1903/400
f 1623/1900/401 1619/1901/401 1617/1902/401 1621/1903/401
f 1630/1900/400 1631/1901/400 1629/1902/400 1628/1903/400
f 1631/1900/401 1627/1901/401 1625/1902/401 1629/1903/401
f 1638/1906/400 1639/1907/400 1637/1908/400 1636/1909/400
f 1639/1907/401 1635/1910/401 1633/1911/401 1637/1908/401
f 1646/1906/400 1647/1907/400 1645/1908/400 1644/1909/400
f 1647/1907/401 1643/1910/401 1641/1911/401 1645/1908/401
f 1654/1900/400 1655/1901/400 1653/1902/400 1652/1903/400
f 1655/1900/401 1651/1901/401 1649/1902/401 1653/1903/401
f 1662/1900/400 1663/1901/400 1661/1902/400 1660/1903/400
f 1663/1900/401 1659/1901/401 1657/1902/401 1661/1903/401
f 1670/1900/400 1671/1901/400 1669/1902/400 1668/1903/400
f 1671/1900/401 1667/1901/401 1665/1902/401 1669/1903/401
f 1678/1900/400 1679/1901/400 1677/1902/400 1676/1903/400
f 1679/1900/401 1675/1901/401 1673/1902/401 1677/1903/401
l 1528 1529
l 1531 1530
l 1534 1530
l 1528 1532
l 1536 1537
l 1539 1538
l 1542 1538
l 1536 1540
l 1544 1545
l 1547 1546
l 1550 1546
l 1544 1548
l 1552 1553
l 1555 1554
l 1558 1554
l 1552 1556
l 1560 1561
l 1563 1562
l 1566 1562
l 1560 1564
l 1568 1569
l 1571 1570
l 1574 1570
l 1568 1572
l 1576 1577
l 1579 1578
l 1582 1578
l 1576 1580
l 1584 1585
l 1587 1586
l 1590 1586
l 1584 1588
l 1592 1593
l 1595 1594
l 1598 1594
l 1592 1596
l 1600 1601
l 1603 1602
l 1606 1602
l 1600 1604
l 1608 1609
l 1611 1610
l 1614 1610
l 1608 1612
l 1616 1617
l 1619 1618
l 1622 1618
l 1616 1620
l 1624 1625
l 1627 1626
l 1630 1626
l 1624 1628
l 1632 1633
l 1635 1634
l 1638 1634
l 1632 1636
l 1640 1641
l 1643 1642
l 1646 1642
l 1640 1644
l 1648 1649
l 1651 1650
l 1654 1650
l 1648 1652
l 1656 1657
l 1659 1658
l 1662 1658
l 1656 1660
l 1664 1665
l 1667 1666
l 1670 1666
l 1664 1668
l 1672 1673
l 1675 1674
l 1678 1674
l 1672 1676
o Ventilation_Hole_2
v 8.980000 -0.200000 -1.300000
v 8.980000 0.200000 -1.300000
v 8.980000 -0.200000 -1.700000
v 8.980000 0.200000 -1.700000
v 9.020000 -0.186667 -1.320000
v 9.020000 0.186667 -1.320000
v 9.020000 -0.186667 -1.680000
v 9.020000 0.186667 -1.680000
v 9.020000 0.200000 -1.700000
v 9.020000 -0.200000 -1.700000
v 9.020000 -0.200000 -1.300000
v 9.020000 0.200000 -1.300000
v 8.980000 0.186667 -1.680000
v 8.980000 -0.186667 -1.680000
v 8.980000 -0.186667 -1.320000
v 8.980000 0.186667 -1.320000
v 8.990143 0.176914 -1.306927
v 9.000000 0.186771 -1.306927
v 8.990143 0.176914 -1.693073
v 9.000000 0.186771 -1.693073
v 9.000000 0.167056 -1.306927
v 9.009857 0.176914 -1.306927
v 9.000000 0.167056 -1.693073
v 9.009857 0.176914 -1.693073
v 8.990143 0.147341 -1.306927
v 9.000000 0.157199 -1.306927
v 8.990143 0.147341 -1.693073
v 9.000000 0.157199 -1.693073
v 9.000000 0.137484 -1.306927
v 9.009857 0.147341 -1.306927
v 9.000000 0.137484 -1.693073
v 9.009857 0.147341 -1.693073
v 8.990143 0.117769 -1.306927
v 9.000000 0.127626 -1.306927
v 8.990143 0.117769 -1.693073
v 9.000000 0.127626 -1.693073
v 9.000000 0.107911 -1.306927
v 9.009857 0.117769 -1.306927
v 9.000000 0.107911 -1.693073
v 9.009857 0.117769 -1.693073
v 8.990143 0.088196 -1.306927
v 9.000000 0.098054 -1.306927
v 8.990143 0.088196 -1.693073
v 9.000000 0.098054 -1.693073
v 9.000000 0.078339 -1.306927
v 9.009857 0.088196 -1.306927
v 9.000000 0.078339 -1.693073
v 9.009857 0.088196 -1.693073
v 8.990143 0.058624 -1.306927
v 9.000000 0.068481 -1.306927
v 8.990143 0.058624 -1.693073
v 9.000000 0.068481 -1.693073
v 9.000000 0.048766 -1.306927
v 9.009857 0.058624 -1.306927
v 9.000000 0.048766 -1.693073
v 9.009857 0.058624 -1.693073
v 8.990143 0.029052 -1.306927
v 9.000000 0.038909 -1.306927
v 8.990143 0.029052 -1.693073
v 9.000000 0.038909 -1.693073
v 9.000000 0.019194 -1.306927
v 9.009857 0.029052 -1.306927
v 9.000000 0.019194 -1.693073
v 9.009857 0.029052 -1.693073
v 8.990143 -0.000521 -1.306927
v 9.000000 0.009337 -1.306927
v 8.990143 -0.000521 -1.693073
v 9.000000 0.009337 -1.693073
v 9.000000 -0.010378 -1.306927
v 9.009857 -0.000521 -1.306927
v 9.000000 -0.010378 -1.693073
v 9.009857 -0.000521 -1.693073
v 8.990143 -0.030093 -1.306927
v 9.000000 -0.020236 -1.306927
v 8.990143 -0.030093 -1.693073
v 9.000000 -0.020236 -1.693073
v 9.000000 -0.039951 -1.306927
v 9.009857 -0.030093 -1.306927
v 9.000000 -0.039951 -1.693073
v 9.009857 -0.030093 -1.693073
v 8.990143 -0.059666 -1.306927
v 9.000000 -0.049808 -1.306927
v 8.990143 -0.059666 -1.693073
v 9.000000 -0.049808 -1.693073
v 9.000000 -0.069523 -1.306927
v 9.009857 -0.059666 -1.306927
v 9.000000 -0.069523 -1.693073
v 9.009857 -0.059666 -1.693073
v 8.990143 -0.089238 -1.306927
v 9.000000 -0.079381 -1.306927
v 8.990143 -0.089238 -1.693073
v 9.000000 -0.079381 -1.693073
v 9.000000 -0.099096 -1.306927
v 9.009857 -0.089238 -1.306927
v 9.000000 -0.099096 -1.693073
v 9.009857 -0.089238 -1.693073
v 8.990143 -0.118811 -1.306927
v 9.000000 -0.108953 -1.306927
v 8.990143 -0.118811 -1.693073
v 9.000000 -0.108953 -1.693073
v 9.000000 -0.128668 -1.306927
v 9.009857 -0.118811 -1.306927
v 9.000000 -0.128668 -1.693073
v 9.009857 -0.118811 -1.693073
v 8.990143 -0.148383 -1.306927
v 9.000000 -0.138526 -1.306927
v 8.990143 -0.148383 -1.693073
v 9.000000 -0.138526 -1.693073
v 9.000000 -0.158241 -1.306927
v 9.009857 -0.148383 -1.306927
v 9.000000 -0.158241 -1.693073
v 9.009857 -0.148383 -1.693073
v 8.990143 -0.177956 -1.306927
v 9.000000 -0.168098 -1.306927
v 8.990143 -0.177956 -1.693073
v 9.000000 -0.168098 -1.693073
v 9.000000 -0.187813 -1.306927
v 9.009857 -0.177956 -1.306927
v 9.000000 -0.187813 -1.693073
v 9.009857 -0.177956 -1.693073
vn -0.0000 -0.0000 -1.0000
vn -0.0000 -1.0000 -0.0000
vn -0.0000 -0.0000 1.0000
vn -0.0000 1.0000 -0.0000
vn 1.0000 -0.0000 -0.0000
vn 0.7071 -0.7071 -0.0000
vn 0.7071 0.7071 -0.0000
vt 0.806233 0.163509
vt 0.806233 0.003173
vt 0.818032 0.003173
vt 0.818032 0.163509
vt 0.806233 0.155492
vt 0.806233 0.011190
vt 0.818032 0.011190
vt 0.818032 0.155492
vt 0.818032 0.163509
vt 0.806233 0.163509
vt 0.806233 0.003173
vt 0.818032 0.003173
vt 0.757069 0.155492
vt 0.867197 0.155492
vt 0.871130 0.163509
vt 0.753135 0.163509
vt 0.867197 0.011190
vt 0.871130 0.003173
vt 0.757069 0.011190
vt 0.753135 0.003173
vt 0.759035 0.158164
vt 0.759035 0.008518
vt 0.865230 0.008518
vt 0.865230 0.158164
vt 0.806233 0.158164
vt 0.806233 0.008518
vt 0.818032 0.008518
vt 0.818032 0.158164
vt 0.813587 0.160732
vt 0.810679 0.160732
vt 0.810679 0.005950
vt 0.813587 0.005950
vt 0.813587 0.160732
vt 0.810679 0.160732
vt 0.810679 0.005950
vt 0.813587 0.005950
s 0
usemtl Backrooms
f 1682/1912/402 1683/1913/402 1688/1914/402 1689/1915/402
f 1687/1916/403 1685/1917/403 1695/1918/403 1692/1919/403
f 1690/1912/404 1691/1913/404 1681/1914/404 1680/1915/404
f 1682/1920/403 1689/1921/403 1690/1922/403 1680/1923/403
f 1688/1920/405 1683/1921/405 1681/1922/405 1691/1923/405
f 1687/1924/406 1686/1925/406 1689/1926/406 1688/1927/406
f 1686/1925/406 1684/1928/406 1690/1929/406 1689/1926/406
f 1685/1930/406 1687/1924/406 1688/1927/406 1691/1931/406
f 1684/1928/406 1685/1930/406 1691/1931/406 1690/1929/406
f 1693/1932/406 1692/1933/406 1695/1934/406 1694/1935/406
f 1686/1936/404 1687/1937/404 1692/1938/404 1693/1939/404
f 1685/1938/402 1684/1939/402 1694/1936/402 1695/1937/402
f 1684/1918/405 1686/1919/405 1693/1916/405 1694/1917/405
f 1702/1940/407 1703/1941/407 1701/1942/407 1700/1943/407
f 1703/1940/408 1699/1941/408 1697/1942/408 1701/1943/408
f 1710/1940/407 1711/1941/407 1709/1942/407 1708/1943/407
f 1711/1944/408 1707/1945/408 1705/1942/408 1709/1943/408
f 1718/1940/407 1719/1941/407 1717/1942/407 1716/1943/407
f 1719/1940/408 1715/1941/408 1713/1942/408 1717/1943/408
f 1726/1944/407 1727/1945/407 1725/1946/407 1724/1947/407
f 1727/1944/408 1723/1945/408 1721/1946/408 1725/1947/408
f 1734/1944/407 1735/1945/407 1733/1946/407 1732/1947/407
f 1735/1944/408 1731/1945/408 1729/1946/408 1733/1947/408
f 1742/1944/407 1743/1945/407 1741/1946/407 1740/1947/407
f 1743/1944/408 1739/1945/408 1737/1946/408 1741/1947/408
f 1750/1944/407 1751/1945/407 1749/1946/407 1748/1947/407
f 1751/1944/408 1747/1945/408 1745/1946/408 1749/1947/408
f 1758/1944/407 1759/1945/407 1757/1946/407 1756/1947/407
f 1759/1944/408 1755/1945/408 1753/1946/408 1757/1947/408
f 1766/1944/407 1767/1945/407 1765/1946/407 1764/1947/407
f 1767/1944/408 1763/1945/408 1761/1946/408 1765/1947/408
f 1774/1944/407 1775/1945/407 1773/1946/407 1772/1947/407
f 1775/1944/408 1771/1945/408 1769/1946/408 1773/1947/408
f 1782/1944/407 1783/1945/407 1781/1946/407 1780/1947/407
f 1783/1944/408 1779/1945/408 1777/1946/408 1781/1947/408
f 1790/1944/407 1791/1945/407 1789/1946/407 1788/1947/407
f 1791/1944/408 1787/1945/408 1785/1946/408 1789/1947/408
f 1798/1944/407 1799/1945/407 1797/1946/407 1796/1947/407
f 1799/1944/408 1795/1945/408 1793/1946/408 1797/1947/408
l 1696 1697
l 1699 1698
l 1702 1698
l 1696 1700
l 1704 1705
l 1707 1706
l 1710 1706
l 1704 1708
l 1712 1713
l 1715 1714
l 1718 1714
l 1712 1716
l 1720 1721
l 1723 1722
l 1726 1722
l 1720 1724
l 1728 1729
l 1731 1730
l 1734 1730
l 1728 1732
l 1736 1737
l 1739 1738
l 1742 1738
l 1736 1740
l 1744 1745
l 1747 1746
l 1750 1746
l 1744 1748
l 1752 1753
l 1755 1754
l 1758 1754
l 1752 1756
l 1760 1761
l 1763 1762
l 1766 1762
l 1760 1764
l 1768 1769
l 1771 1770
l 1774 1770
l 1768 1772
l 1776 1777
l 1779 1778
l 1782 1778
l 1776 1780
l 1784 1785
l 1787 1786
l 1790 1786
l 1784 1788
l 1792 1793
l 1795 1794
l 1798 1794
l 1792 1796
o Ventilation_Hole_3
v 8.980000 -0.200000 -1.950000
v 8.980000 0.200000 -1.950000
v 8.980000 -0.200000 -2.550000
v 8.980000 0.200000 -2.550000
v 9.020000 -0.186667 -1.966500
v 9.020000 0.186667 -1.966500
v 9.020000 -0.186667 -2.533500
v 9.020000 0.186667 -2.533500
v 9.020000 0.200000 -2.550000
v 9.020000 -0.200000 -2.550000
v 9.020000 -0.200000 -1.950000
v 9.020000 0.200000 -1.950000
v 8.980000 0.186667 -2.533500
v 8.980000 -0.186667 -2.533500
v 8.980000 -0.186667 -1.966500
v 8.980000 0.186667 -1.966500
v 8.990143 0.176914 -1.961198
v 9.000000 0.186771 -1.961198
v 8.990143 0.176914 -2.538802
v 9.000000 0.186771 -2.538802
v 9.000000 0.167056 -1.961198
v 9.009857 0.176914 -1.961198
v 9.000000 0.167056 -2.538802
v 9.009857 0.176914 -2.538802
v 8.990143 0.147341 -1.961198
v 9.000000 0.157199 -1.961198
v 8.990143 0.147341 -2.538802
v 9.000000 0.157199 -2.538802
v 9.000000 0.137484 -1.961198
v 9.009857 0.147341 -1.961198
v 9.000000 0.137484 -2.538802
v 9.009857 0.147341 -2.538802
v 8.990143 0.117769 -1.961198
v 9.000000 0.127626 -1.961198
v 8.990143 0.117769 -2.538802
v 9.000000 0.127626 -2.538802
v 9.000000 0.107911 -1.961198
v 9.009857 0.117769 -1.961198
v 9.000000 0.107911 -2.538802
v 9.009857 0.117769 -2.538802
v 8.990143 0.088196 -1.961198
v 9.000000 0.098054 -1.961198
v 8.990143 0.088196 -2.538802
v 9.000000 0.098054 -2.538802
v 9.000000 0.078339 -1.961198
v 9.009857 0.088196 -1.961198
v 9.000000 0.078339 -2.538802
v 9.009857 0.088196 -2.538802
v 8.990143 0.058624 -1.961198
v 9.000000 0.068481 -1.961198
v 8.990143 0.058624 -2.538802
v 9.000000 0.068481 -2.538802
v 9.000000 0.048766 -1.961198
v 9.009857 0.058624 -1.961198
v 9.000000 0.048766 -2.538802
v 9.009857 0.058624 -2.538802
v 8.990143 0.029052 -1.961198
v 9.000000 0.038909 -1.961198
v 8.990143 0.029052 -2.538802
v 9.000000 0.038909 -2.538802
v 9.000000 0.019194 -1.961198
v 9.009857 0.029052 -1.961198
v 9.000000 0.019194 -2.538802
v 9.009857 0.029052 -2.538802
v 8.990143 -0.000521 -1.961198
v 9.000000 0.009337 -1.961198
v 8.990143 -0.000521 -2.538802
v 9.000000 0.009337 -2.538802
v 9.000000 -0.010378 -1.961198
v 9.009857 -0.000521 -1.961198
v 9.000000 -0.010378 -2.538802
v 9.009857 -0.000521 -2.538802
v 8.990143 -0.030093 -1.961198
v 9.000000 -0.020236 -1.961198
v 8.990143 -0.030093 -2.538802
v 9.000000 -0.020236 -2.538802
v 9.000000 -0.039951 -1.961198
v 9.009857 -0.030093 -1.961198
v 9.000000 -0.039951 -2.538802
v 9.009857 -0.030093 -2.538802
v 8.990143 -0.059666 -1.961198
v 9.000000 -0.049808 -1.961198
v 8.990143 -0.059666 -2.538802
v 9.000000 -0.049808 -2.538802
v 9.000000 -0.069523 -1.961198
v 9.009857 -0.059666 -1.961198
v 9.000000 -0.069523 -2.538802
v 9.009857 -0.059666 -2.538802
v 8.990143 -0.089238 -1.961198
v 9.000000 -0.079381 -1.961198
v 8.990143 -0.089238 -2.538802
v 9.000000 -0.079381 -2.538802
v 9.000000 -0.099096 -1.961198
v 9.009857 -0.089238 -1.961198
v 9.000000 -0.099096 -2.538802
v 9.009857 -0.089238 -2.538802
v 8.990143 -0.118811 -1.961198
v 9.000000 -0.108953 -1.961198
v 8.990143 -0.118811 -2.538802
v 9.000000 -0.108953 -2.538802
v 9.000000 -0.128668 -1.961198
v 9.009857 -0.118811 -1.961198
v 9.000000 -0.128668 -2.538802
v 9.009857 -0.118811 -2.538802
v 8.990143 -0.148383 -1.961198
v 9.000000 -0.138526 -1.961198
v 8.990143 -0.148383 -2.538802
v 9.000000 -0.138526 -2.538802
v 9.000000 -0.158241 -1.961198
v 9.009857 -0.148383 -1.961198
v 9.000000 -0.158241 -2.538802
v 9.009857 -0.148383 -2.538802
v 8.990143 -0.177956 -1.961198
v 9.000000 -0.168098 -1.961198
v 8.990143 -0.177956 -2.538802
v 9.000000 -0.168098 -2.538802
v 9.000000 -0.187813 -1.961198
v 9.009857 -0.177956 -1.961198
v 9.000000 -0.187813 -2.538802
v 9.009857 -0.177956 -2.538802
vn -0.0000 -0.0000 -1.0000
vn -0.0000 -1.0000 -0.0000
vn -0.0000 -0.0000 1.0000
vn -0.0000 1.0000 -0.0000
vn 1.0000 -0.0000 -0.0000
vn 0.7071 -0.7071 -0.0000
vn 0.7071 0.7071 -0.0000
vt 0.773254 0.076428
vt 0.851011 0.076428
vt 0.851011 0.090254
vt 0.773254 0.090254
vt 0.757023 0.076428
vt 0.867242 0.076428
vt 0.867242 0.090254
vt 0.757023 0.090254
vt 0.851011 0.090254
vt 0.773254 0.090254
vt 0.753815 0.090254
vt 0.753815 0.076428
vt 0.870450 0.076428
vt 0.870450 0.090254
vt 0.753815 0.076427
vt 0.870450 0.076428
vt 0.757023 0.018816
vt 0.757022 0.147866
vt 0.753815 0.152475
vt 0.753815 0.014207
vt 0.867242 0.147866
vt 0.870450 0.152475
vt 0.867242 0.018816
vt 0.870450 0.014207
vt 0.757022 0.147866
vt 0.867242 0.018816
vt 0.775846 0.076428
vt 0.848419 0.076428
vt 0.848419 0.090254
vt 0.775846 0.090254
vt 0.848419 0.090254
vt 0.775846 0.090254
vt 0.755992 0.085045
vt 0.755992 0.081637
vt 0.868273 0.081637
vt 0.868273 0.085045
vt 0.755992 0.085045
vt 0.868273 0.085045
vt 0.755992 0.081637
vt 0.868273 0.081637
vt 0.868273 0.085045
s 0
usemtl Backrooms
f 1802/1948/409 1803/1949/409 1808/1950/409 1809/1951/409
f 1807/1952/410 1805/1953/410 1815/1954/410 1812/1955/410
f 1810/1948/411 1811/1949/411 1801/1956/411 1800/1957/411
f 1802/1958/410 1809/1959/410 1810/1960/410 1800/1961/410
f 1808/1958/412 1803/1962/412 1801/1963/412 1811/1961/412
f 1807/1964/413 1806/1965/413 1809/1966/413 1808/1967/413
f 1806/1965/413 1804/1968/413 1810/1969/413 1809/1966/413
f 1805/1970/413 1807/1964/413 1808/1967/413 1811/1971/413
f 1804/1968/413 1805/1970/413 1811/1971/413 1810/1969/413
f 1813/1972/413 1812/1964/413 1815/1973/413 1814/1968/413
f 1806/1974/411 1807/1975/411 1812/1976/411 1813/1977/411
f 1805/1978/409 1804/1979/409 1814/1974/409 1815/1975/409
f 1804/1954/412 1806/1955/412 1813/1952/412 1814/1953/412
f 1822/1980/414 1823/1981/414 1821/1982/414 1820/1983/414
f 1823/1984/415 1819/1981/415 1817/1982/415 1821/1985/415
f 1830/1984/414 1831/1986/414 1829/1987/414 1828/1985/414
f 1831/1984/415 1827/1981/415 1825/1987/415 1829/1988/415
f 1838/1984/414 1839/1981/414 1837/1982/414 1836/1985/414
f 1839/1984/415 1835/1981/415 1833/1982/415 1837/1985/415
f 1846/1984/414 1847/1981/414 1845/1982/414 1844/1985/414
f 1847/1984/415 1843/1981/415 1841/1982/415 1845/1985/415
f 1854/1984/414 1855/1981/414 1853/1982/414 1852/1985/414
f 1855/1984/415 1851/1986/415 1849/1987/415 1853/1985/415
f 1862/1984/414 1863/1981/414 1861/1982/414 1860/1985/414
f 1863/1984/415 1859/1981/415 1857/1982/415 1861/1985/415
f 1870/1984/414 1871/1986/414 1869/1987/414 1868/1985/414
f 1871/1984/415 1867/1981/415 1865/1982/415 1869/1985/415
f 1878/1980/414 1879/1981/414 1877/1982/414 1876/1983/414
f 1879/1984/415 1875/1986/415 1873/1987/415 1877/1985/415
f 1886/1984/414 1887/1981/414 1885/1982/414 1884/1985/414
f 1887/1980/415 1883/1981/415 1881/1982/415 1885/1983/415
f 1894/1984/414 1895/1981/414 1893/1982/414 1892/1985/414
f 1895/1984/415 1891/1981/415 1889/1982/415 1893/1985/415
f 1902/1980/414 1903/1981/414 1901/1982/414 1900/1983/414
f 1903/1980/415 1899/1981/415 1897/1982/415 1901/1983/415
f 1910/1984/414 1911/1981/414 1909/1982/414 1908/1985/414
f 1911/1980/415 1907/1981/415 1905/1982/415 1909/1983/415
f 1918/1984/414 1919/1981/414 1917/1982/414 1916/1985/414
f 1919/1984/415 1915/1986/415 1913/1987/415 1917/1985/415
l 1816 1817
l 1819 1818
l 1822 1818
l 1816 1820
l 1824 1825
l 1827 1826
l 1830 1826
l 1824 1828
l 1832 1833
l 1835 1834
l 1838 1834
l 1832 1836
l 1840 1841
l 1843 1842
l 1846 1842
l 1840 1844
l 1848 1849
l 1851 1850
l 1854 1850
l 1848 1852
l 1856 1857
l 1859 1858
l 1862 1858
l 1856 1860
l 1864 1865
l 1867 1866
l 1870 1866
l 1864 1868
l 1872 1873
l 1875 1874
l 1878 1874
l 1872 1876
l 1880 1881
l 1883 1882
l 1886 1882
l 1880 1884
l 1888 1889
l 1891 1890
l 1894 1890
l 1888 1892
l 1896 1897
l 1899 1898
l 1902 1898
l 1896 1900
l 1904 1905
l 1907 1906
l 1910 1906
l 1904 1908
l 1912 1913
l 1915 1914
l 1918 1914
l 1912 1916
o Ventilation_Hole_4
v 8.980000 0.300000 -2.700000
v 8.980000 -0.300000 -2.700000
v 8.980000 0.300000 -3.300000
v 8.980000 -0.300000 -3.300000
v 8.999999 0.275000 -3.275000
v 8.999999 0.275000 -2.725000
v 9.000000 -0.275000 -2.725000
v 9.000000 -0.275000 -3.275000
v 8.999999 0.300000 -3.300000
v 8.999999 0.300000 -2.700000
v 9.000000 -0.300000 -2.700000
v 9.000000 -0.300000 -3.300000
v 9.020000 0.255000 -3.255000
v 9.020000 0.255000 -2.745000
v 9.020000 -0.255000 -2.745000
v 9.020000 -0.255000 -3.255000
v 9.020000 0.275000 -3.275000
v 9.020000 0.275000 -2.725000
v 9.020000 -0.275000 -2.725000
v 9.020000 -0.275000 -3.275000
v 9.040000 0.255000 -3.255000
v 9.040000 0.255000 -2.745000
v 9.040000 -0.255000 -2.745000
v 9.040000 -0.255000 -3.255000
v 9.004869 -0.275000 -2.731580
v 9.004869 -0.275000 -3.268420
v 9.015130 -0.275000 -3.268420
v 9.015130 -0.275000 -2.731580
v 9.024869 0.248420 -2.745000
v 9.024869 -0.248420 -2.745000
v 9.035130 -0.248420 -2.745000
v 9.035130 0.248420 -2.745000
v 9.004869 0.275000 -3.268420
v 9.004869 0.275000 -2.731580
v 9.015130 0.275000 -2.731580
v 9.015130 0.275000 -3.268420
v 9.004869 -0.268420 -3.275000
v 9.004869 0.268420 -3.275000
v 9.015130 0.268420 -3.275000
v 9.015130 -0.268420 -3.275000
v 9.004869 0.268420 -2.725000
v 9.004869 -0.268420 -2.725000
v 9.015130 -0.268420 -2.725000
v 9.015130 0.268420 -2.725000
v 9.024869 -0.255000 -2.751580
v 9.024869 -0.255000 -3.248420
v 9.035130 -0.255000 -3.248420
v 9.035130 -0.255000 -2.751580
v 9.024869 0.255000 -3.248420
v 9.024869 0.255000 -2.751580
v 9.035130 0.255000 -2.751580
v 9.035130 0.255000 -3.248420
v 9.024869 -0.248420 -3.255000
v 9.024869 0.248420 -3.255000
v 9.035130 0.248420 -3.255000
v 9.035130 -0.248420 -3.255000
v 9.009999 -0.271400 -2.731580
v 9.009999 -0.271400 -3.268420
v 9.030000 0.248420 -2.748600
v 9.030000 -0.248420 -2.748600
v 9.009999 0.271400 -3.268420
v 9.009999 0.271400 -2.731580
v 9.009999 -0.268420 -3.271400
v 9.009999 0.268420 -3.271400
v 9.009999 0.268420 -2.728600
v 9.009999 -0.268420 -2.728600
v 9.030000 -0.251400 -2.751580
v 9.030000 -0.251400 -3.248420
v 9.030000 0.251400 -3.248420
v 9.030000 0.251400 -2.751580
v 9.030000 -0.248420 -3.251400
v 9.030000 0.248420 -3.251400
v 9.059999 0.175836 -2.824164
v 9.059999 -0.175836 -2.824164
v 9.059999 -0.175836 -3.175836
v 9.059999 0.175836 -3.175836
vn 0.5744 -0.8186 -0.0000
vn -0.0000 -0.0000 -1.0000
vn -0.0000 -0.0000 1.0000
vn -0.0000 -1.0000 -0.0000
vn -0.0000 1.0000 -0.0000
vn 1.0000 -0.0000 -0.0000
vn -0.5744 -0.0000 0.8186
vn -0.5744 0.8186 -0.0000
vn 0.5744 -0.0000 -0.8186
vn -0.5744 -0.0000 -0.8186
vn 0.5744 0.8186 -0.0000
vn -0.5744 -0.8186 -0.0000
vn 0.5744 -0.0000 0.8186
vn 0.9695 -0.0000 0.2449
vn 0.9695 -0.2449 -0.0000
vn 0.9695 -0.0000 -0.2449
vn 0.9695 0.2449 -0.0000
vt 0.812494 0.029456
vt 0.812494 0.137226
vt 0.811771 0.137226
vt 0.811771 0.029456
vt 0.810125 0.143565
vt 0.810125 0.023117
vt 0.814140 0.023117
vt 0.814140 0.143565
vt 0.814140 0.023117
vt 0.810125 0.143565
vt 0.810125 0.023117
vt 0.810125 0.023117
vt 0.756927 0.010594
vt 0.756927 0.156088
vt 0.751908 0.162702
vt 0.751908 0.003980
vt 0.867338 0.010594
vt 0.872357 0.003980
vt 0.867338 0.156088
vt 0.872357 0.162702
vt 0.812494 0.033471
vt 0.812494 0.133211
vt 0.811771 0.133211
vt 0.811771 0.033471
vt 0.812494 0.082311
vt 0.812494 0.084371
vt 0.811771 0.082311
vt 0.812494 0.084371
vt 0.760942 0.015884
vt 0.760942 0.150798
vt 0.756927 0.010594
vt 0.863323 0.015884
vt 0.867338 0.010594
vt 0.863323 0.150798
vt 0.867338 0.156088
vt 0.776834 0.036826
vt 0.847431 0.036826
vt 0.847431 0.129856
vt 0.776834 0.129856
vt 0.811771 0.137226
vt 0.812494 0.137226
vt 0.811771 0.084371
vt 0.814140 0.028135
vt 0.814140 0.138547
vt 0.813162 0.137226
vt 0.813162 0.029456
vt 0.810125 0.138547
vt 0.811103 0.137226
vt 0.810125 0.028135
vt 0.811103 0.029456
vt 0.814140 0.004006
vt 0.814140 0.083341
vt 0.813162 0.082317
vt 0.813162 0.005030
vt 0.810125 0.083341
vt 0.811103 0.082317
vt 0.810125 0.004006
vt 0.811103 0.005030
vt 0.810125 0.028135
vt 0.814140 0.028135
vt 0.810125 0.138547
vt 0.810125 0.028135
vt 0.813162 0.137226
vt 0.811103 0.137226
vt 0.814140 0.083341
vt 0.814140 0.162675
vt 0.813162 0.161652
vt 0.813162 0.084364
vt 0.810125 0.162675
vt 0.811103 0.161652
vt 0.810125 0.083341
vt 0.811103 0.084364
vt 0.810125 0.083341
vt 0.810125 0.004006
vt 0.814140 0.083341
vt 0.811771 0.084371
vt 0.812494 0.082311
vt 0.811771 0.082311
vt 0.760942 0.075727
vt 0.863323 0.075728
vt 0.847431 0.090954
vt 0.776834 0.090954
vt 0.819746 0.032150
vt 0.819746 0.134532
vt 0.804519 0.118640
vt 0.804519 0.048042
vt 0.863323 0.090954
vt 0.760942 0.090954
vt 0.776834 0.075727
vt 0.847431 0.075728
vt 0.804519 0.134532
vt 0.804519 0.032150
vt 0.819746 0.048042
vt 0.819746 0.118640
s 0
usemtl Backrooms
f 1944/1989/416 1945/1990/416 1977/1991/416 1976/1992/416
f 1923/1993/417 1922/1994/417 1928/1995/417 1931/1996/417
f 1920/1997/418 1921/1996/418 1930/1998/418 1929/1999/418
f 1921/1997/419 1923/1996/419 1931/1998/419 1930/1999/419
f 1922/1993/420 1920/2000/420 1929/1997/420 1928/1996/420
f 1925/2001/421 1924/2002/421 1928/2003/421 1929/2004/421
f 1926/2005/421 1925/2001/421 1929/2004/421 1930/2006/421
f 1927/2007/421 1926/2005/421 1930/2006/421 1931/2008/421
f 1924/2002/421 1927/2007/421 1931/2008/421 1928/2003/421
f 1964/2009/416 1965/2010/416 1987/2011/416 1986/2012/416
f 1957/2013/419 1958/2014/419 1983/2015/419
f 1959/2013/420 1956/2016/420 1982/2015/420
f 1950/2011/422 1951/2012/422 1978/2009/422 1979/2010/422
f 1933/2017/421 1932/2018/421 1936/2002/421 1937/2019/421
f 1934/2020/421 1933/2017/421 1937/2019/421 1938/2021/421
f 1935/2022/421 1934/2020/421 1938/2021/421 1939/2023/421
f 1932/2018/421 1935/2022/421 1939/2023/421 1936/2002/421
f 1992/2024/421 1993/2025/421 1994/2026/421 1995/2027/421
f 1970/2011/423 1971/2012/423 1988/2009/423 1989/2010/423
f 1956/2028/424 1957/1992/424 1983/1989/424 1982/2029/424
f 1949/2030/420 1950/2015/420 1979/2016/420
f 1926/2031/419 1927/2032/419 1945/2033/419 1944/2034/419
f 1927/2032/419 1939/2035/419 1946/2036/419 1945/2033/419
f 1939/2035/419 1938/2037/419 1947/2038/419 1946/2036/419
f 1938/2037/419 1926/2031/419 1944/2034/419 1947/2038/419
f 1933/2039/418 1934/2040/418 1949/2041/418 1948/2042/418
f 1934/2040/418 1942/2043/418 1950/2044/418 1949/2041/418
f 1942/2043/418 1941/2045/418 1951/2046/418 1950/2044/418
f 1941/2045/418 1933/2039/418 1948/2042/418 1951/2046/418
f 1924/2035/420 1925/2047/420 1953/2038/420 1952/2036/420
f 1925/2047/420 1937/2048/420 1954/2034/420 1953/2038/420
f 1937/2048/420 1936/2032/420 1955/2033/420 1954/2034/420
f 1936/2032/420 1924/2035/420 1952/2036/420 1955/2033/420
f 1927/2049/417 1924/2050/417 1957/2038/417 1956/2036/417
f 1924/2050/417 1936/2031/417 1958/2034/417 1957/2038/417
f 1936/2031/417 1939/2032/417 1959/2033/417 1958/2034/417
f 1939/2032/417 1927/2049/417 1956/2036/417 1959/2033/417
f 1925/2031/418 1926/2032/418 1961/2051/418 1960/2034/418
f 1926/2032/418 1938/2049/418 1962/2052/418 1961/2051/418
f 1938/2049/418 1937/2050/418 1963/2038/418 1962/2052/418
f 1937/2050/418 1925/2031/418 1960/2034/418 1963/2038/418
f 1934/2053/419 1935/2054/419 1965/2055/419 1964/2056/419
f 1935/2054/419 1943/2057/419 1966/2058/419 1965/2055/419
f 1943/2057/419 1942/2059/419 1967/2060/419 1966/2058/419
f 1942/2059/419 1934/2053/419 1964/2056/419 1967/2060/419
f 1932/2061/420 1933/2062/420 1969/2046/420 1968/2044/420
f 1933/2062/420 1941/2039/420 1970/2042/420 1969/2046/420
f 1941/2039/420 1940/2063/420 1971/2041/420 1970/2042/420
f 1940/2063/420 1932/2061/420 1968/2044/420 1971/2041/420
f 1935/2057/417 1932/2059/417 1973/2060/417 1972/2058/417
f 1932/2059/417 1940/2053/417 1974/2056/417 1973/2060/417
f 1940/2053/417 1943/2054/417 1975/2055/417 1974/2056/417
f 1943/2054/417 1935/2057/417 1972/2058/417 1975/2055/417
f 1958/1989/425 1959/2029/425 1982/2028/425 1983/1992/425
f 1967/2013/417 1964/2016/417 1986/2015/417
f 1947/2013/417 1944/2016/417 1976/2015/417
f 1965/2013/418 1966/2016/418 1987/2015/418
f 1945/2013/418 1946/2016/418 1977/2015/418
f 1972/2011/424 1973/2012/424 1991/2009/424 1990/2010/424
f 1952/2028/426 1953/1992/426 1981/1989/426 1980/2029/426
f 1966/2009/427 1967/2010/427 1986/2011/427 1987/2012/427
f 1946/1989/427 1947/1990/427 1976/1991/427 1977/1992/427
f 1975/2013/420 1972/2016/420 1990/2015/420
f 1955/2064/418 1952/2015/418 1980/2014/418
f 1973/2065/419 1974/2014/419 1991/2066/419
f 1953/2064/417 1954/2066/417 1981/2014/417
f 1960/1989/428 1961/2029/428 1985/2028/428 1984/1992/428
f 1974/2009/425 1975/2010/425 1990/2011/425 1991/2012/425
f 1954/2028/423 1955/1992/423 1980/1989/423 1981/2029/423
f 1963/2064/419 1960/2015/419 1984/2014/419
f 1961/2030/420 1962/2015/420 1985/2016/420
f 1968/2011/426 1969/2012/426 1989/2009/426 1988/2010/426
f 1948/2009/428 1949/2010/428 1979/2011/428 1978/2012/428
f 1962/2028/422 1963/1992/422 1984/1989/422 1985/2029/422
f 1971/2064/418 1968/2015/418 1988/2014/418
f 1951/2064/419 1948/2015/419 1978/2014/419
f 1969/2064/417 1970/2066/417 1989/2014/417
f 1941/2067/429 1942/2068/429 1993/2069/429 1992/2070/429
f 1942/2071/430 1943/2072/430 1994/2073/430 1993/2074/430
f 1943/2075/431 1940/2076/431 1995/2077/431 1994/2078/431
f 1940/2079/432 1941/2080/432 1992/2081/432 1995/2082/432
o Doorway_Clean
v -6.000000 3.000000 7.500000
v -6.000000 0.000000 7.500000
v -6.000000 3.000000 4.500000
v -6.000000 0.000000 4.500000
v -6.000000 2.200000 7.500000
v -6.000000 2.200000 4.500000
v -6.000000 3.000000 6.900000
v -6.000000 3.000000 5.100000
v -6.000000 0.000000 5.100000
v -6.000000 0.000000 6.900000
v -6.000000 2.200000 6.900000
v -6.000000 2.200000 5.100000
vn 1.0000 -0.0000 -0.0000
vt 0.200000 0.911455
vt 0.200000 1.000000
vt 0.050000 1.000000
vt 0.050000 0.911455
vt 0.000000 1.000000
vt 0.000000 0.911455
vt 0.050000 1.000000
vt 0.200000 1.000000
vt 0.250000 0.911455
vt 0.250000 1.000000
vt 0.200000 0.911455
vt 0.200000 0.666543
vt 0.250000 0.666543
vt 0.000000 0.666543
vt 0.050000 0.666543
s 0
usemtl Backrooms
f 2007/2083/433 2003/2084/433 2002/2085/433 2006/2086/433
f 1996/2087/433 2000/2088/433 2006/2086/433 2002/2089/433
f 2003/2090/433 2007/2083/433 2001/2091/433 1998/2092/433
f 2007/2093/433 2004/2094/433 1999/2095/433 2001/2091/433
f 2000/2088/433 1997/2096/433 2005/2097/433 2006/2086/433
